match_no,innings,wkt,runs,over,batsman
1,1,1,18,2.1,Abhishek Sharma
1,1,2,23,2.6,Travis Head
1,1,3,29,4.2,Nitish Kumar Reddy
1,1,4,126,13.1,Heinrich Klaasen
1,1,5,137,14.3,Salil Arora
1,1,6,155,15.6,Ishan Kishan
1,1,7,167,16.6,Harsh Dubey
1,1,8,174,17.5,Harshal Patel
1,1,9,192,18.6,Aniket Verma
1,2,1,9,1.1,Phil Salt
1,2,2,110,8.4,Devdutt Padikkal
1,2,3,163,12.2,Rajat Patidar
1,2,4,163,12.3,Jitesh Sharma
2,1,1,69,5.2,Finn Allen
2,1,2,109,8.5,Cameron Green
2,1,3,145,13.3,Ajinkya Rahane
2,1,4,205,18.3,Angkrish Raghuvanshi
2,2,1,148,11.5,Rohit Sharma
2,2,2,179,14.2,Suryakumar Yadav
2,2,3,184,15.2,Ryan Rickelton
2,2,4,215,18.4,Tilak Varma
3,1,1,14,1.6,Sanju Samson
3,1,2,19,2.6,Ruturaj Gaikwad
3,1,3,19,3.1,Ayush Mhatre
3,1,4,38,5.3,Matthew Short
3,1,5,51,7.2,Sarfaraz Khan
3,1,6,57,7.6,Shivam Dube
3,1,7,74,10.3,Kartik Sharma
3,1,8,82,12.5,Noor Ahmad
3,1,9,94,15.3,Matt Henry
3,1,10,127,19.4,Jamie Overton
3,2,1,75,6.2,Vaibhav Sooryavanshi
3,2,2,99,8.3,Dhruv Jurel
4,1,1,37,3.4,Sai Sudharsan
4,1,2,83,9.3,Shubman Gill
4,1,3,119,13.6,Glenn Phillips
4,1,4,129,15.4,Jos Buttler
4,1,5,144,18.1,Washington Sundar
4,1,6,150,18.6,M Shahrukh Khan
4,2,1,7,1.2,Priyansh Arya
4,2,2,83,9.3,Prabhsimran Singh
4,2,3,110,12.1,Shreyas Iyer
4,2,4,113,13.1,Nehal Wadhera
4,2,5,118,14.2,Shashank Singh
4,2,6,118,14.4,Marcus Stoinis
4,2,7,144,17.4,Marco Jansen
5,1,1,19,2.6,Rishabh Pant
5,1,2,48,5.5,Aiden Markram
5,1,3,49,6.3,Ayush Badoni
5,1,4,65,8.5,Nicholas Pooran
5,1,5,71,9.3,Mitchell Marsh
5,1,6,105,13.1,Mukul Choudhary
5,1,7,138,17.3,Abdul Samad
5,1,8,140,17.6,Mohammed Shami
5,1,9,141,18.3,Anrich Nortje
5,1,10,141,18.4,Mohsin Khan
5,2,1,0,0.1,KL Rahul
5,2,2,21,3.3,Nitish Rana
5,2,3,25,4.2,Pathum Nissanka
5,2,4,26,4.3,Axar Patel
6,1,1,82,5.4,Travis Head
6,1,2,111,8.2,Ishan Kishan
6,1,3,112,8.4,Abhishek Sharma
6,1,4,118,9.2,Aniket Verma
6,1,5,200,18.1,Nitish Kumar Reddy
6,1,6,200,18.2,Salil Arora
6,1,7,222,19.4,Heinrich Klaasen
6,1,8,226,19.6,Shivang Kumar
6,2,1,30,1.3,Finn Allen
6,2,2,67,4.6,Ajinkya Rahane
6,2,3,74,5.6,Cameron Green
6,2,4,120,10.6,Angkrish Raghuvanshi
6,2,5,120,11.2,Anukul Roy
6,2,6,139,13.4,Rinku Singh
6,2,7,154,14.3,Sunil Narine
6,2,8,159,14.6,Ramandeep Singh
6,2,9,161,15.5,Kartik Tyagi
6,2,10,161,15.6,Varun Chakravarthy
7,1,1,14,1.6,Sanju Samson
7,1,2,110,11.1,Ruturaj Gaikwad
7,1,3,123,12.3,Ayush Mhatre
7,1,4,130,13.4,Kartik Sharma
7,1,5,168,16.4,Sarfaraz Khan
7,2,1,61,4.2,Priyansh Arya
7,2,2,95,8.5,Prabhsimran Singh
7,2,3,127,11.5,Cooper Connolly
7,2,4,186,16.6,Shreyas Iyer
7,2,5,186,17.1,Nehal Wadhera
8,1,1,18,2.3,Ryan Rickelton
8,1,2,18,2.5,Tilak Varma
8,1,3,71,9.3,Rohit Sharma
8,1,4,85,11.5,Sherfane Rutherford
8,1,5,122,15.3,Suryakumar Yadav
8,1,6,146,18.4,Naman Dhir
8,2,1,2,0.4,KL Rahul
8,2,2,7,1.4,Nitish Rana
8,2,3,73,9.5,Pathum Nissanka
8,2,4,151,16.2,Sameer Rizvi
9,1,1,70,6.2,Vaibhav Sooryavanshi
9,1,2,126,12.3,Yashasvi Jaiswal
9,1,3,135,13.2,Riyan Parag
9,1,4,165,15.3,Shimron Hetmyer
9,1,5,166,16.1,Donovan Ferreira
9,1,6,205,19.3,Dhruv Jurel
9,2,1,78,7.6,Kumar Kushagra
9,2,2,107,10.4,Sai Sudharsan
9,2,3,127,12.1,Glenn Phillips
9,2,4,131,12.3,Washington Sundar
9,2,5,133,13.1,Jos Buttler
9,2,6,155,14.3,Rahul Tewatia
9,2,7,161,14.5,M Shahrukh Khan
9,2,8,204,19.5,Rashid Khan
10,1,1,1,0.6,Abhishek Sharma
10,1,2,8,2.1,Travis Head
10,1,3,11,3.3,Ishan Kishan
10,1,4,26,7.1,Liam Livingstone
10,1,5,142,17.4,Nitish Kumar Reddy
10,1,6,144,18.1,Heinrich Klaasen
10,1,7,144,18.2,Harsh Dubey
10,1,8,151,19.3,Shivang Kumar
10,1,9,156,19.6,Harshal Patel
10,2,1,37,4.4,Mitchell Marsh
10,2,2,77,9.2,Aiden Markram
10,2,3,102,12.1,Ayush Badoni
10,2,4,105,13.1,Nicholas Pooran
10,2,5,139,17.4,Abdul Samad
11,1,1,37,4.3,Virat Kohli
11,1,2,93,10.4,Phil Salt
11,1,3,151,14.1,Devdutt Padikkal
11,2,1,9,0.5,Ruturaj Gaikwad
11,2,2,10,1.2,Ayush Mhatre
11,2,3,30,2.5,Sanju Samson
11,2,4,77,6.1,Sarfaraz Khan
11,2,5,84,6.5,Kartik Sharma
11,2,6,108,9.5,Shivam Dube
11,2,7,165,15.1,Prashant Veer
11,2,8,178,16.1,Jamie Overton
11,2,9,190,17.6,Noor Ahmad
11,2,10,207,19.4,Matt Henry
12,1,1,12,1.4,Finn Allen
12,1,2,16,1.6,Cameron Green
13,1,1,80,4.6,Vaibhav Sooryavanshi
13,1,2,84,5.4,Dhruv Jurel
13,1,3,121,8.5,Riyan Parag
13,2,1,10,0.6,Ryan Rickelton
13,2,2,20,1.4,Suryakumar Yadav
13,2,3,22,2.3,Rohit Sharma
13,2,4,41,4.3,Hardik Pandya
13,2,5,46,4.6,Tilak Varma
13,2,6,93,7.5,Sherfane Rutherford
13,2,7,103,8.5,Naman Dhir
13,2,8,111,9.4,Shardul Thakur
13,2,9,116,10.1,Trent Boult
14,1,1,19,2.1,Sai Sudharsan
14,1,2,79,7.3,Jos Buttler
14,1,3,183,17.3,Shubman Gill
14,1,4,205,19.3,Washington Sundar
14,2,1,76,8.1,Pathum Nissanka
14,2,2,101,9.5,Nitish Rana
14,2,3,101,9.6,Sameer Rizvi
14,2,4,134,13.6,Axar Patel
14,2,5,160,16.4,Tristan Stubbs
14,2,6,166,16.6,KL Rahul
14,2,7,202,19.2,Vipraj Nigam
14,2,8,209,19.6,Kuldeep Yadav
15,1,1,15,1.4,Finn Allen
15,1,2,99,10.2,Ajinkya Rahane
15,1,3,105,11.4,Angkrish Raghuvanshi
15,1,4,111,13.2,Rinku Singh
15,2,1,41,4.1,Aiden Markram
15,2,2,42,4.3,Mitchell Marsh
15,2,3,73,8.2,Rishabh Pant
15,2,4,95,11.4,Nicholas Pooran
15,2,5,104,12.5,Abdul Samad
15,2,6,125,14.4,Ayush Badoni
15,2,7,128,15.6,Mohammed Shami
16,1,1,0,0.1,Phil Salt
16,1,2,45,2.6,Devdutt Padikkal
16,1,3,58,4.5,Virat Kohli
16,1,4,62,6.2,Krunal Pandya
16,1,5,76,8.4,Jitesh Sharma
16,1,6,94,10.6,Tim David
16,1,7,125,13.6,Romario Shepherd
16,1,8,166,17.1,Rajat Patidar
16,2,1,21,1.6,Yashasvi Jaiswal
16,2,2,129,8.1,Vaibhav Sooryavanshi
16,2,3,129,8.2,Shimron Hetmyer
16,2,4,134,9.4,Riyan Parag
17,1,1,120,8.1,Travis Head
17,1,2,122,8.3,Abhishek Sharma
17,1,3,169,13.6,Ishan Kishan
17,1,4,195,16.4,Aniket Verma
17,1,5,214,18.5,Salil Arora
17,1,6,218,19.4,Heinrich Klaasen
17,2,1,99,6.2,Priyansh Arya
17,2,2,117,8.5,Prabhsimran Singh
17,2,3,128,10.2,Cooper Connolly
17,2,4,197,16.1,Nehal Wadhera
18,1,1,62,6.2,Ruturaj Gaikwad
18,2,1,61,4.6,KL Rahul
18,2,2,61,5.2,Pathum Nissanka
18,2,3,66,6.1,Axar Patel
18,2,4,76,7.6,Sameer Rizvi
18,2,5,121,12.2,David Miller
18,2,6,149,14.5,Ashutosh Sharma
18,2,7,154,15.4,Auqib Nabi
18,2,8,183,18.3,Tristan Stubbs
18,2,9,185,19.1,Kuldeep Yadav
18,2,10,189,19.6,Lungi Ngidi
19,1,1,14,1.3,Mitchell Marsh
19,1,2,45,4.1,Rishabh Pant
19,1,3,69,6.6,Aiden Markram
19,1,4,74,8.2,Ayush Badoni
19,1,5,109,14.3,Nicholas Pooran
19,1,6,118,16.2,Abdul Samad
19,1,7,131,18.1,Mukul Choudhary
19,1,8,157,19.4,GF Linde
19,2,1,45,5.1,Sai Sudharsan
19,2,2,129,14.5,Shubman Gill
19,2,3,135,15.4,Jos Buttler
20,1,1,120,10.5,Phil Salt
20,1,2,185,14.4,Virat Kohli
20,1,3,194,15.6,Rajat Patidar
20,1,4,231,19.2,Jitesh Sharma
20,2,1,72,7.1,Ryan Rickelton
20,2,2,74,7.5,Tilak Varma
20,2,3,121,12.2,Suryakumar Yadav
20,2,4,145,14.4,Hardik Pandya
20,2,5,154,15.3,Naman Dhir
21,1,1,0,0.1,Abhishek Sharma
21,1,2,55,6.5,Travis Head
21,1,3,143,13.2,Ishan Kishan
21,1,4,162,15.5,Heinrich Klaasen
21,1,5,195,18.3,Nitish Kumar Reddy
21,1,6,209,19.4,Aniket Verma
21,2,1,1,0.2,Vaibhav Sooryavanshi
21,2,2,1,0.4,Dhruv Jurel
21,2,3,1,0.6,Lhuan-dre Pretorius
21,2,4,2,1.4,Yashasvi Jaiswal
21,2,5,9,2.6,Riyan Parag
21,2,6,127,14.6,Donovan Ferreira
21,2,7,129,15.3,Ravindra Jadeja
21,2,8,140,16.5,Jofra Archer
21,2,9,140,16.6,Ravi Bishnoi
21,2,10,159,18.6,Tushar Deshpande
22,1,1,25,2.2,Ruturaj Gaikwad
22,1,2,72,5.6,Ayush Mhatre
22,1,3,111,11.2,Sanju Samson
22,1,4,162,16.1,Sarfaraz Khan
22,1,5,171,17.3,Dewald Brevis
22,2,1,13,1.4,Finn Allen
22,2,2,29,4.2,Sunil Narine
22,2,3,79,9.3,Angkrish Raghuvanshi
22,2,4,85,10.5,Ajinkya Rahane
22,2,5,85,10.6,Cameron Green
22,2,6,90,12.5,Rinku Singh
22,2,7,153,19.3,Ramandeep Singh
23,1,1,32,3.6,Aiden Markram
23,1,2,35,6.1,Nicholas Pooran
23,1,3,71,9.5,Mitchell Marsh
23,1,4,83,11.2,Abdul Samad
23,1,5,118,15.5,Ayush Badoni
23,1,6,124,16.5,Rishabh Pant
23,1,7,137,18.3,GF Linde
23,1,8,137,18.4,Mohammed Shami
23,1,9,145,19.2,Mukul Choudhary
23,1,10,146,19.6,Avesh Khan
23,2,1,9,1.4,Phil Salt
23,2,2,66,7.2,Devdutt Padikkal
23,2,3,86,10.1,Virat Kohli
23,2,4,121,12.2,Rajat Patidar
23,2,5,122,12.4,Jitesh Sharma
24,1,1,12,2.1,Ryan Rickelton
24,1,2,12,2.2,Suryakumar Yadav
24,1,3,134,13.4,Naman Dhir
24,1,4,175,17.3,Hardik Pandya
24,1,5,182,18.5,Sherfane Rutherford
24,1,6,193,19.5,Tilak Varma
24,2,1,27,2.2,Priyansh Arya
24,2,2,45,4.3,Cooper Connolly
24,2,3,184,15.3,Shreyas Iyer
25,1,1,5,0.4,Ajinkya Rahane
25,1,2,21,1.6,Angkrish Raghuvanshi
25,1,3,32,3.6,Tim Seifert
25,1,4,87,10.6,Rovman Powell
25,1,5,147,14.5,Anukul Roy
25,1,6,148,15.1,Rinku Singh
25,1,7,165,16.3,Ramandeep Singh
25,1,8,166,17.3,Sunil Narine
25,1,9,173,18.2,Kartik Tyagi
25,1,10,180,19.6,Cameron Green
25,2,1,57,5.1,Sai Sudharsan
25,2,2,95,9.1,Jos Buttler
25,2,3,141,14.3,Washington Sundar
25,2,4,158,16.6,Shubman Gill
25,2,5,177,19.1,Glenn Phillips
26,1,1,52,5.1,Virat Kohli
26,1,2,99,9.6,Devdutt Padikkal
26,1,3,105,10.4,Phil Salt
26,1,4,131,12.4,Rajat Patidar
26,1,5,146,15.2,Tim David
26,1,6,149,16.3,Romario Shepherd
26,1,7,172,19.2,Krunal Pandya
26,1,8,172,19.4,Jitesh Sharma
26,2,1,2,0.4,Pathum Nissanka
26,2,2,16,2.2,Karun Nair
26,2,3,18,2.5,Sameer Rizvi
26,2,4,87,10.1,KL Rahul
27,1,1,75,5.5,Travis Head
27,1,2,75,5.6,Ishan Kishan
27,1,3,93,7.6,Abhishek Sharma
27,1,4,112,10.1,Aniket Verma
27,1,5,147,13.5,Nitish Kumar Reddy
27,1,6,177,17.2,Heinrich Klaasen
27,1,7,179,18.1,Salil Arora
27,1,8,193,19.4,Shivang Kumar
27,1,9,194,19.6,Liam Livingstone
27,2,1,15,1.1,Sanju Samson
27,2,2,66,4.4,Ayush Mhatre
27,2,3,66,5.1,Ruturaj Gaikwad
27,2,4,112,10.4,Sarfaraz Khan
27,2,5,113,11.4,Dewald Brevis
27,2,6,148,15.4,Matthew Short
27,2,7,154,16.5,Shivam Dube
27,2,8,182,19.4,Jamie Overton
28,1,1,81,8.4,Vaibhav Sooryavanshi
28,1,2,97,10.3,Dhruv Jurel
28,1,3,99,11.2,Yashasvi Jaiswal
28,1,4,117,14.4,Riyan Parag
28,1,5,124,15.6,Donovan Ferreira
28,1,6,144,18.1,Ravindra Jadeja
28,1,7,146,18.3,Shimron Hetmyer
28,1,8,146,18.5,Ravi Bishnoi
28,1,9,155,19.6,Jofra Archer
28,2,1,0,0.1,Tim Seifert
28,2,2,5,1.2,Ajinkya Rahane
28,2,3,37,4.3,Cameron Green
28,2,4,52,6.6,Angkrish Raghuvanshi
28,2,5,70,10.1,Rovman Powell
28,2,6,85,13.3,Ramandeep Singh
29,1,1,3,0.3,Prabhsimran Singh
29,1,2,185,13.5,Cooper Connolly
29,1,3,187,14.2,Priyansh Arya
29,1,4,193,15.2,Shreyas Iyer
29,1,5,208,16.5,Nehal Wadhera
29,1,6,252,19.4,Shashank Singh
29,1,7,254,19.6,Marcus Stoinis
29,2,1,61,5.6,Ayush Badoni
29,2,2,109,11.1,Mitchell Marsh
29,2,3,128,12.4,Rishabh Pant
29,2,4,139,14.2,Nicholas Pooran
29,2,5,199,19.5,Aiden Markram
30,1,1,10,1.5,DV Malewar
30,1,2,25,3.3,Quinton de Kock
30,1,3,44,5.5,Suryakumar Yadav
30,1,4,96,12.3,Naman Dhir
30,1,5,177,18.5,Hardik Pandya
30,2,1,0,0.1,Sai Sudharsan
30,2,2,5,1.2,Jos Buttler
30,2,3,40,4.4,Shubman Gill
30,2,4,54,7.2,Washington Sundar
30,2,5,55,7.4,Glenn Phillips
30,2,6,79,10.6,Rahul Tewatia
30,2,7,85,12.2,Rashid Khan
30,2,8,86,12.6,M Shahrukh Khan
30,2,9,99,15.2,Kagiso Rabada
30,2,10,100,15.5,Mohammed Siraj
31,1,1,97,8.5,Travis Head
31,1,2,176,14.4,Ishan Kishan
31,2,1,21,2.1,Pathum Nissanka
31,2,2,107,9.4,KL Rahul
31,2,3,107,10.1,Nitish Rana
31,2,4,107,10.2,David Miller
31,2,5,166,15.5,Tristan Stubbs
31,2,6,186,17.6,Ashutosh Sharma
31,2,7,192,19.1,Axar Patel
31,2,8,195,19.5,Sameer Rizvi
31,2,9,195,19.6,Lungi Ngidi
32,1,1,32,2.5,Yashasvi Jaiswal
32,1,2,32,2.6,Dhruv Jurel
32,1,3,32,3.6,Vaibhav Sooryavanshi
32,1,4,62,8.6,Riyan Parag
32,1,5,77,10.2,Shimron Hetmyer
32,1,6,110,15.5,Donovan Ferreira
32,2,1,9,0.6,Ayush Badoni
32,2,2,10,1.4,Rishabh Pant
32,2,3,11,2.5,Aiden Markram
32,2,4,54,9.4,Nicholas Pooran
32,2,5,91,14.3,Himmat Singh
32,2,6,105,15.3,Mitchell Marsh
32,2,7,111,16.1,Mukul Choudhary
32,2,8,113,16.3,Mohammed Shami
32,2,9,119,17.3,Mayank Yadav
32,2,10,119,17.6,Mohsin Khan
33,1,1,32,2.6,Ruturaj Gaikwad
33,1,2,72,5.4,Sarfaraz Khan
33,1,3,91,8.1,Shivam Dube
33,1,4,122,10.6,Dewald Brevis
33,1,5,165,16.5,Kartik Sharma
33,1,6,181,17.6,Jamie Overton
33,2,1,7,0.6,DV Malewar
33,2,2,7,1.5,Quinton de Kock
33,2,3,11,2.3,Naman Dhir
33,2,4,84,11.5,Tilak Varma
33,2,5,85,12.1,Hardik Pandya
33,2,6,85,12.2,Sherfane Rutherford
33,2,7,87,13.1,Suryakumar Yadav
33,2,8,100,16.6,Krish Bhagat
33,2,9,100,17.1,Shardul Thakur
33,2,10,104,18.6,Jasprit Bumrah
34,1,1,128,12.4,Shubman Gill
34,1,2,160,15.3,Sai Sudharsan
34,1,3,177,17.4,Jos Buttler
34,2,1,26,2.6,Jacob Bethell
34,2,2,141,12.5,Devdutt Padikkal
34,2,3,154,13.4,Virat Kohli
34,2,4,171,14.6,Jitesh Sharma
34,2,5,173,15.3,Rajat Patidar
35,1,1,28,2.4,Pathum Nissanka
35,1,2,248,18.3,Nitish Rana
35,2,1,126,6.5,Priyansh Arya
35,2,2,132,7.3,Prabhsimran Singh
35,2,3,145,9.2,Cooper Connolly
35,2,4,201,14.3,Nehal Wadhera
36,1,1,40,2.2,Yashasvi Jaiswal
36,1,2,152,12.4,Dhruv Jurel
36,1,3,170,13.5,Vaibhav Sooryavanshi
36,1,4,191,16.1,Riyan Parag
36,1,5,214,18.4,Donovan Ferreira
36,1,6,225,19.3,Shimron Hetmyer
36,2,1,7,0.5,Travis Head
36,2,2,139,9.6,Abhishek Sharma
36,2,3,166,12.1,Ishan Kishan
36,2,4,219,17.2,Nitish Kumar Reddy
36,2,5,220,17.6,Heinrich Klaasen
37,1,1,21,3.3,Sanju Samson
37,1,2,25,3.6,Urvil Patel
37,1,3,26,4.4,Sarfaraz Khan
37,1,4,37,8.2,Dewald Brevis
37,1,5,96,15.3,Shivam Dube
37,1,6,122,17.5,Kartik Sharma
37,1,7,143,18.6,Jamie Overton
37,2,1,58,6.2,Shubman Gill
37,2,2,155,16.2,Sai Sudharsan
38,1,1,3,1.6,Tim Seifert
38,1,2,16,3.4,Ajinkya Rahane
38,1,3,27,4.6,Angkrish Raghuvanshi
38,1,4,31,6.1,Rovman Powell
38,1,5,73,10.5,Cameron Green
38,1,6,73,10.6,Anukul Roy
38,1,7,93,14.6,Ramandeep Singh
38,2,1,8,1.1,Mitchell Marsh
38,2,2,65,10.2,Aiden Markram
38,2,3,78,12.2,Rishabh Pant
38,2,4,89,13.6,Nicholas Pooran
38,2,5,93,15.2,Mukul Choudhary
38,2,6,120,17.3,Ayush Badoni
38,2,7,129,18.2,GF Linde
38,2,8,148,19.3,Himmat Singh
38,3,1,0,0.1,Nicholas Pooran
38,3,2,1,0.3,Aiden Markram
39,1,1,0,0.2,SU Parakh
39,1,2,2,1.1,KL Rahul
39,1,3,2,1.2,Sameer Rizvi
39,1,4,7,2.1,Tristan Stubbs
39,1,5,7,2.4,Axar Patel
39,1,6,8,3.5,Nitish Rana
39,1,7,43,8.6,David Miller
39,1,8,62,12.3,Kyle Jamieson
39,1,9,71,15.3,Kuldeep Yadav
39,1,10,75,16.3,Abishek Porel
39,2,1,26,2.5,Jacob Bethell
40,1,1,37,2.5,Priyansh Arya
40,1,2,96,8.2,Cooper Connolly
40,1,3,144,13.6,Prabhsimran Singh
40,1,4,181,17.6,Shreyas Iyer
40,2,1,51,3.2,Vaibhav Sooryavanshi
40,2,2,105,9.4,Dhruv Jurel
40,2,3,123,11.2,Yashasvi Jaiswal
40,2,4,151,13.6,Riyan Parag
41,1,1,93,7.1,Will Jacks
41,1,2,110,8.3,Suryakumar Yadav
41,1,3,165,13.4,Naman Dhir
41,1,4,221,18.1,Hardik Pandya
41,1,5,232,19.3,Tilak Varma
41,2,1,129,8.4,Abhishek Sharma
41,2,2,129,8.5,Ishan Kishan
41,2,3,133,9.4,Travis Head
41,2,4,213,16.2,Nitish Kumar Reddy
42,1,1,34,2.4,Jacob Bethell
42,1,2,35,3.2,Virat Kohli
42,1,3,79,7.4,Rajat Patidar
42,1,4,80,8.1,Jitesh Sharma
42,1,5,91,9.4,Tim David
42,1,6,96,10.3,Krunal Pandya
42,1,7,126,13.6,Devdutt Padikkal
42,1,8,126,14.1,Romario Shepherd
42,1,9,155,19.1,Venkatesh Iyer
42,1,10,155,19.2,Josh Hazlewood
42,2,1,42,2.6,Sai Sudharsan
42,2,2,57,4.6,Shubman Gill
42,2,3,92,7.3,Jos Buttler
42,2,4,109,10.1,M Shahrukh Khan
42,2,5,111,10.3,Washington Sundar
42,2,6,141,13.5,Jason Holder
43,1,1,6,0.3,Yashasvi Jaiswal
43,1,2,12,1.5,Vaibhav Sooryavanshi
43,1,3,114,11.4,Dhruv Jurel
43,1,4,167,16.2,Ravindra Jadeja
43,1,5,168,16.4,Riyan Parag
43,1,6,208,19.1,Shubham Dubey
43,2,1,110,9.3,Pathum Nissanka
43,2,2,171,14.3,Nitish Rana
43,2,3,177,15.2,KL Rahul
44,1,1,1,1.2,Will Jacks
44,1,2,59,6.4,Ryan Rickelton
44,1,3,99,10.4,Suryakumar Yadav
44,1,4,109,12.5,Tilak Varma
44,1,5,134,16.5,Naman Dhir
44,1,6,139,17.2,Robin Minz
44,1,7,151,19.3,Hardik Pandya
44,2,1,13,1.6,Sanju Samson
44,2,2,62,5.4,Urvil Patel
45,1,1,44,3.4,Abhishek Sharma
45,1,2,105,8.6,Travis Head
45,1,3,117,10.4,Heinrich Klaasen
45,1,4,122,11.3,R Smaran
45,1,5,135,13.4,Aniket Verma
45,1,6,139,15.1,Salil Arora
45,1,7,148,15.6,Ishan Kishan
45,1,8,156,16.6,Pat Cummins
45,1,9,156,17.1,Shivang Kumar
45,1,10,165,18.6,Harshal Patel
45,2,1,49,3.6,Finn Allen
45,2,2,133,14.6,Ajinkya Rahane
45,2,3,151,16.4,Angkrish Raghuvanshi
46,1,1,2,0.2,Priyansh Arya
46,1,2,2,0.3,Cooper Connolly
46,1,3,35,5.2,Prabhsimran Singh
46,1,4,36,6.3,Nehal Wadhera
46,1,5,47,8.4,Shreyas Iyer
46,1,6,126,15.6,Suryansh Shedge
46,1,7,141,17.4,Marcus Stoinis
46,1,8,141,17.5,Xavier Bartlett
46,1,9,162,19.5,Marco Jansen
46,2,1,16,1.3,Shubman Gill
46,2,2,69,8.1,Jos Buttler
46,2,3,94,11.3,Nishant Sindhu
46,2,4,124,14.5,Sai Sudharsan
46,2,5,140,16.6,Rahul Tewatia
46,2,6,152,18.5,Jason Holder
47,1,1,29,2.3,Josh Inglis
47,1,2,123,8.1,Nicholas Pooran
47,1,3,125,8.5,Mitchell Marsh
47,1,4,148,10.4,Rishabh Pant
47,1,5,160,12.1,Akshat Raghuwanshi
47,2,1,143,10.5,Ryan Rickelton
47,2,2,177,13.6,Rohit Sharma
47,2,3,189,15.3,Tilak Varma
47,2,4,213,17.4,Suryakumar Yadav
48,1,1,29,3.6,Pathum Nissanka
48,1,2,36,5.1,KL Rahul
48,1,3,52,7.6,Karun Nair
48,1,4,61,9.3,Nitish Rana
48,1,5,69,10.6,Axar Patel
48,1,6,134,18.5,Tristan Stubbs
48,1,7,149,19.5,Ashutosh Sharma
48,2,1,24,3.5,Ruturaj Gaikwad
48,2,2,45,6.3,Urvil Patel
49,1,1,54,3.3,Abhishek Sharma
49,1,2,84,6.4,Travis Head
49,1,3,172,14.4,Ishan Kishan
49,1,4,235,19.6,Heinrich Klaasen
49,2,1,4,0.6,Priyansh Arya
49,2,2,4,1.1,Prabhsimran Singh
49,2,3,23,3.2,Shreyas Iyer
49,2,4,63,6.4,Marcus Stoinis
49,2,5,110,11.4,Suryansh Shedge
49,2,6,119,12.3,Shashank Singh
49,2,7,187,19.1,Marco Jansen
50,1,1,95,9.2,Arshin Kulkarni
50,1,2,165,16.1,Mitchell Marsh
50,1,3,194,18.2,Nicholas Pooran
50,2,1,9,0.5,Jacob Bethell
50,2,2,9,1.2,Virat Kohli
50,2,3,104,10.1,Devdutt Padikkal
50,2,4,106,10.5,Jitesh Sharma
50,2,5,112,11.3,Rajat Patidar
50,2,6,158,15.3,Tim David
51,1,1,49,4.6,KL Rahul
51,1,2,74,7.6,Nitish Rana
51,1,3,80,9.5,Sameer Rizvi
51,1,4,85,10.1,Pathum Nissanka
51,1,5,89,10.5,Tristan Stubbs
51,1,6,128,18.3,Axar Patel
51,1,7,140,19.2,Ashutosh Sharma
51,1,8,140,19.4,Mitchell Starc
51,2,1,29,2.6,Ajinkya Rahane
51,2,2,31,3.4,Angkrish Raghuvanshi
52,1,1,118,10.5,Sai Sudharsan
52,1,2,150,13.2,Jos Buttler
52,1,3,185,16.2,Shubman Gill
52,1,4,205,18.1,Jason Holder
52,2,1,38,2.5,Vaibhav Sooryavanshi
52,2,2,40,3.3,Yashasvi Jaiswal
52,2,3,68,5.4,Shimron Hetmyer
52,2,4,87,7.3,Dhruv Jurel
52,2,5,91,7.5,Donovan Ferreira
52,2,6,115,11.4,Shubham Dubey
52,2,7,136,13.5,Ravindra Jadeja
52,2,8,141,14.5,Jofra Archer
52,2,9,151,16.1,Dasun Shanaka
52,2,10,152,16.3,Tushar Deshpande
53,1,1,77,5.1,Mitchell Marsh
53,1,2,92,6.2,Nicholas Pooran
53,1,3,112,9.1,Josh Inglis
53,1,4,115,9.4,Rishabh Pant
53,1,5,130,12.1,Aiden Markram
53,1,6,147,14.2,Akshat Raghuwanshi
53,1,7,197,19.4,Himmat Singh
53,1,8,197,19.5,Mohammed Shami
53,2,1,45,3.4,Sanju Samson
53,2,2,126,9.2,Urvil Patel
53,2,3,149,12.5,Ruturaj Gaikwad
53,2,4,169,15.6,Dewald Brevis
53,2,5,169,16.1,Kartik Sharma
54,1,1,4,0.6,Ryan Rickelton
54,1,2,28,2.5,Rohit Sharma
54,1,3,28,2.6,Suryakumar Yadav
54,1,4,110,12.3,Naman Dhir
54,1,5,132,15.2,Will Jacks
54,1,6,155,17.6,Tilak Varma
54,1,7,161,18.6,Raj Bawa
54,2,1,10,0.4,Virat Kohli
54,2,2,24,2.6,Devdutt Padikkal
54,2,3,39,5.1,Rajat Patidar
54,2,4,94,12.1,Jacob Bethell
54,2,5,131,15.5,Jitesh Sharma
54,2,6,131,15.6,Tim David
54,2,7,149,17.6,Krunal Pandya
54,2,8,157,19.3,Romario Shepherd
55,1,1,78,6.5,Prabhsimran Singh
55,1,2,97,8.6,Priyansh Arya
55,1,3,180,17.4,Cooper Connolly
55,1,4,187,18.1,Marcus Stoinis
55,1,5,187,18.2,Shashank Singh
55,2,1,10,1.5,Abishek Porel
55,2,2,14,2.3,KL Rahul
55,2,3,33,4.3,SU Parakh
55,2,4,74,8.2,Tristan Stubbs
55,2,5,138,13.6,Axar Patel
55,2,6,170,16.3,David Miller
55,2,7,205,18.5,Ashutosh Sharma
56,1,1,15,2.2,Shubman Gill
56,1,2,26,5.1,Jos Buttler
56,1,3,64,9.3,Nishant Sindhu
56,1,4,124,16.2,Sai Sudharsan
56,1,5,164,19.5,Washington Sundar
56,2,1,0,0.4,Travis Head
56,2,2,6,1.4,Abhishek Sharma
56,2,3,23,3.1,Ishan Kishan
56,2,4,32,5.5,R Smaran
56,2,5,56,9.4,Salil Arora
56,2,6,56,10.1,Heinrich Klaasen
56,2,7,60,10.4,Nitish Kumar Reddy
56,2,8,72,12.2,Shivang Kumar
56,2,9,82,13.4,Pat Cummins
56,2,10,86,14.5,PP Hinge
57,1,1,23,2.3,Finn Allen
57,1,2,48,4.4,Ajinkya Rahane
57,1,3,116,12.2,Cameron Green
57,1,4,192,19.6,Angkrish Raghuvanshi
57,2,1,37,3.2,Jacob Bethell
57,2,2,129,13.1,Devdutt Padikkal
57,2,3,157,15.6,Rajat Patidar
57,2,4,180,17.5,Tim David
58,1,1,50,5.3,Priyansh Arya
58,1,2,107,11.2,Prabhsimran Singh
58,1,3,111,11.4,Shreyas Iyer
58,1,4,111,12.3,Cooper Connolly
58,1,5,123,13.2,Suryansh Shedge
58,1,6,135,14.4,Shashank Singh
58,1,7,140,16.2,Marco Jansen
58,1,8,166,17.6,Azmatullah Omarzai
58,2,1,61,6.3,Ryan Rickelton
58,2,2,81,8.5,Naman Dhir
58,2,3,88,9.3,Rohit Sharma
58,2,4,149,16.3,Sherfane Rutherford
59,1,1,31,3.5,Ruturaj Gaikwad
59,1,2,36,5.3,Sanju Samson
59,1,3,52,7.2,Urvil Patel
59,1,4,122,14.4,Dewald Brevis
59,1,5,142,15.6,Kartik Sharma
59,2,1,135,11.4,Josh Inglis
59,2,2,135,11.5,Mitchell Marsh
59,2,3,144,13.2,Abdul Samad
60,1,1,44,4.3,Ajinkya Rahane
60,1,2,139,11.2,Finn Allen
60,2,1,49,4.1,Nishant Sindhu
60,2,2,177,16.2,Shubman Gill
60,2,3,207,18.5,Jos Buttler
60,2,4,218,19.6,Rahul Tewatia
61,1,1,21,2.2,Jacob Bethell
61,1,2,97,9.1,Devdutt Padikkal
61,1,3,157,14.6,Virat Kohli
61,1,4,222,19.6,Tim David
61,2,1,1,0.3,Priyansh Arya
61,2,2,18,2.5,Prabhsimran Singh
61,2,3,19,3.2,Shreyas Iyer
61,2,4,62,7.3,Cooper Connolly
61,2,5,93,10.5,Suryansh Shedge
61,2,6,160,16.1,Marcus Stoinis
61,2,7,194,19.2,Shashank Singh
61,2,8,199,19.6,Azmatullah Omarzai
62,1,1,19,1.5,Yashasvi Jaiswal
62,1,2,89,7.3,Vaibhav Sooryavanshi
62,1,3,161,14.2,Riyan Parag
62,1,4,161,14.3,Donovan Ferreira
62,1,5,165,14.5,Ravi Singh
62,1,6,173,16.5,Shubham Dubey
62,1,7,187,18.5,Dasun Shanaka
62,1,8,191,19.4,Dhruv Jurel
62,2,1,105,10.1,Abishek Porel
62,2,2,122,12.3,SU Parakh
62,2,3,133,14.3,KL Rahul
62,2,4,153,16.2,Tristan Stubbs
62,2,5,175,18.1,David Miller
63,1,1,31,2.3,Sanju Samson
63,1,2,48,4.3,Urvil Patel
63,1,3,90,9.4,Kartik Sharma
63,1,4,100,11.3,Ruturaj Gaikwad
63,1,5,159,17.5,Dewald Brevis
63,1,6,164,18.3,Shivam Dube
63,1,7,180,19.6,Prashant Veer
63,2,1,18,2.3,Travis Head
63,2,2,56,7.4,Abhishek Sharma
63,2,3,131,14.3,Heinrich Klaasen
63,2,4,153,17.1,Nitish Kumar Reddy
63,2,5,175,18.3,Ishan Kishan
64,1,1,109,8.2,Josh Inglis
64,1,2,151,12.2,Nicholas Pooran
64,1,3,215,19.1,Rishabh Pant
64,1,4,220,19.5,Mitchell Marsh
64,1,5,220,19.6,Ayush Badoni
64,2,1,75,6.3,Yashasvi Jaiswal
64,2,2,180,13.6,Vaibhav Sooryavanshi
64,2,3,196,16.2,Lhuan-dre Pretorius
65,1,1,17,2.3,Ryan Rickelton
65,1,2,17,2.6,Naman Dhir
65,1,3,23,3.5,Rohit Sharma
65,1,4,41,5.3,Suryakumar Yadav
65,1,5,84,13.4,Tilak Varma
65,1,6,95,15.2,Hardik Pandya
65,1,7,105,16.4,Will Jacks
65,1,8,147,19.6,Deepak Chahar
65,2,1,10,0.6,Finn Allen
65,2,2,48,5.4,Ajinkya Rahane
65,2,3,54,7.1,Cameron Green
65,2,4,118,14.6,Manish Pandey
65,2,5,124,15.2,Rovman Powell
65,2,6,140,17.5,T Dahiya
66,1,1,125,12.2,Shubman Gill
66,1,2,207,18.2,Sai Sudharsan
66,1,3,207,18.3,Rahul Tewatia
66,1,4,229,19.6,Washington Sundar
66,2,1,0,0.1,Sanju Samson
66,2,2,29,2.2,Ruturaj Gaikwad
66,2,3,29,2.4,Urvil Patel
66,2,4,51,5.1,Matthew Short
66,2,5,63,6.6,Kartik Sharma
66,2,6,116,10.3,Shivam Dube
66,2,7,136,12.1,Anshul Kamboj
66,2,8,138,12.4,Dewald Brevis
66,2,9,140,13.3,Noor Ahmad
66,2,10,140,13.4,Spencer Johnson
67,1,1,45,3.6,Travis Head
67,1,2,97,8.2,Abhishek Sharma
67,1,3,210,16.2,Heinrich Klaasen
67,1,4,255,19.6,Ishan Kishan
67,2,1,60,4.3,Venkatesh Iyer
67,2,2,74,5.5,Virat Kohli
67,2,3,94,8.5,Devdutt Padikkal
67,2,4,178,18.2,Rajat Patidar
68,1,1,16,1.1,Arshin Kulkarni
68,1,2,20,2.5,Nicholas Pooran
68,1,3,69,6.4,Ayush Badoni
68,1,4,134,13.5,Rishabh Pant
68,1,5,169,16.6,Josh Inglis
68,1,6,172,17.5,Mukul Choudhary
68,2,1,0,0.1,Priyansh Arya
68,2,2,22,2.2,Cooper Connolly
68,2,3,162,14.6,Prabhsimran Singh
69,1,1,33,3.4,Yashasvi Jaiswal
69,1,2,33,4.1,Vaibhav Sooryavanshi
69,1,3,54,5.6,Riyan Parag
69,1,4,99,10.3,Dasun Shanaka
69,1,5,119,12.5,Dhruv Jurel
69,1,6,139,15.3,Donovan Ferreira
69,1,7,174,17.4,Shubham Dubey
69,1,8,175,17.6,Jofra Archer
69,2,1,0,0.4,Rohit Sharma
69,2,2,18,2.3,Naman Dhir
69,2,3,24,3.2,Ryan Rickelton
69,2,4,38,5.1,Tilak Varma
69,2,5,101,11.3,Will Jacks
69,2,6,149,15.4,Hardik Pandya
69,2,7,152,16.3,Corbin Bosch
69,2,8,158,17.3,Suryakumar Yadav
69,2,9,167,18.3,Deepak Chahar
70,1,1,40,4.3,Abishek Porel
70,1,2,87,9.3,SU Parakh
70,1,3,125,12.4,KL Rahul
70,1,4,166,16.5,Axar Patel
70,1,5,201,19.4,David Miller
70,2,1,43,4.2,Finn Allen
70,2,2,87,8.3,Manish Pandey
70,2,3,96,9.4,Cameron Green
70,2,4,128,13.2,Ajinkya Rahane
70,2,5,128,13.3,Rinku Singh
70,2,6,129,14.1,T Dahiya
70,2,7,154,17.1,Rovman Powell
70,2,8,154,17.2,Anukul Roy
70,2,9,155,17.4,Kartik Tyagi
70,2,10,163,18.4,Varun Chakravarthy
71,1,1,21,1.6,Venkatesh Iyer
71,1,2,93,8.2,Virat Kohli
71,1,3,94,8.4,Devdutt Padikkal
71,1,4,189,16.1,Krunal Pandya
71,1,5,214,17.6,Tim David
71,2,1,17,2.3,Sai Sudharsan
71,2,2,27,3.1,Shubman Gill
71,2,3,51,4.5,Jos Buttler
71,2,4,51,5.1,Nishant Sindhu
71,2,5,51,5.4,Jason Holder
71,2,6,65,8.2,Washington Sundar
71,2,7,78,10.3,Rashid Khan
71,2,8,88,11.2,Kagiso Rabada
71,2,9,156,18.1,Rahul Tewatia
71,2,10,162,19.3,Mohammed Siraj
72,1,1,125,7.6,Vaibhav Sooryavanshi
72,1,2,137,10.2,Yashasvi Jaiswal
72,1,3,192,13.5,Dhruv Jurel
72,1,4,207,15.2,Riyan Parag
72,1,5,214,16.1,Dasun Shanaka
72,1,6,234,18.1,Donovan Ferreira
72,1,7,238,18.6,Jofra Archer
72,1,8,240,19.2,Nandre Burger
72,2,1,0,0.2,Abhishek Sharma
72,2,2,51,2.5,Ishan Kishan
72,2,3,52,3.3,R Smaran
72,2,4,57,4.4,Travis Head
72,2,5,81,6.5,Heinrich Klaasen
72,2,6,137,10.5,Nitish Kumar Reddy
72,2,7,139,11.1,Pat Cummins
72,2,8,163,14.4,Salil Arora
72,2,9,187,17.3,Eshan Malinga
72,2,10,196,19.2,Shivang Kumar
73,1,1,2,0.4,Yashasvi Jaiswal
73,1,2,9,1.5,Dhruv Jurel
73,1,3,101,9.3,Riyan Parag
73,1,4,109,11.3,Dasun Shanaka
73,1,5,118,12.4,Jofra Archer
73,1,6,172,17.2,Vaibhav Sooryavanshi
73,2,1,167,12.5,Sai Sudharsan
73,2,2,182,14.6,Shubman Gill
73,2,3,201,17.1,Washington Sundar
74,1,1,22,2.2,Shubman Gill
74,1,2,26,3.4,Sai Sudharsan
74,1,3,55,7.6,Nishant Sindhu
74,1,4,73,12.1,Jos Buttler
74,1,5,99,14.1,Arshad Khan
74,1,6,115,16.1,Rahul Tewatia
74,1,7,142,18.3,Jason Holder
74,1,8,151,19.2,Rashid Khan
74,2,1,62,4.3,Venkatesh Iyer
74,2,2,63,5.1,Devdutt Padikkal
74,2,3,89,8.2,Rajat Patidar
74,2,4,91,8.5,Krunal Pandya
74,2,5,132,13.6,Tim David
