match_no,innings,over,runs,wickets
1,1,1,7,0
1,1,2,10,0
1,1,3,6,2
1,1,4,6,0
1,1,5,4,1
1,1,6,16,0
1,1,7,5,0
1,1,8,16,0
1,1,9,9,0
1,1,10,8,0
1,1,11,5,0
1,1,12,13,0
1,1,13,21,0
1,1,14,9,1
1,1,15,7,1
1,1,16,13,1
1,1,17,12,1
1,1,18,8,1
1,1,19,17,1
1,1,20,9,0
1,2,1,9,0
1,2,2,12,1
1,2,3,12,0
1,2,4,18,0
1,2,5,16,0
1,2,6,9,0
1,2,7,13,0
1,2,8,10,0
1,2,9,12,1
1,2,10,15,0
1,2,11,14,0
1,2,12,22,0
1,2,13,2,2
1,2,14,6,0
1,2,15,15,0
1,2,16,18,0
2,1,1,10,0
2,1,2,4,0
2,1,3,17,0
2,1,4,26,0
2,1,5,11,0
2,1,6,10,1
2,1,7,16,0
2,1,8,7,0
2,1,9,9,1
2,1,10,10,0
2,1,11,11,0
2,1,12,5,0
2,1,13,8,0
2,1,14,6,1
2,1,15,17,0
2,1,16,10,0
2,1,17,14,0
2,1,18,8,0
2,1,19,10,1
2,1,20,11,0
2,2,1,6,0
2,2,2,9,0
2,2,3,19,0
2,2,4,15,0
2,2,5,15,0
2,2,6,16,0
2,2,7,8,0
2,2,8,8,0
2,2,9,14,0
2,2,10,12,0
2,2,11,13,0
2,2,12,17,1
2,2,13,11,0
2,2,14,12,0
2,2,15,8,1
2,2,16,10,1
2,2,17,8,0
2,2,18,11,0
2,2,19,8,1
2,2,20,4,0
3,1,1,7,0
3,1,2,7,1
3,1,3,5,1
3,1,4,11,1
3,1,5,6,0
3,1,6,5,1
3,1,7,10,0
3,1,8,6,2
3,1,9,5,0
3,1,10,8,0
3,1,11,4,1
3,1,12,5,0
3,1,13,3,1
3,1,14,4,0
3,1,15,7,0
3,1,16,1,1
3,1,17,5,0
3,1,18,9,0
3,1,19,10,0
3,1,20,9,1
3,2,1,18,0
3,2,2,6,0
3,2,3,10,0
3,2,4,6,0
3,2,5,15,0
3,2,6,19,0
3,2,7,3,1
3,2,8,14,0
3,2,9,9,1
3,2,10,6,0
3,2,11,9,0
3,2,12,12,0
3,2,13,1,0
4,1,1,9,0
4,1,2,14,0
4,1,3,12,0
4,1,4,2,1
4,1,5,10,0
4,1,6,7,0
4,1,7,11,0
4,1,8,5,0
4,1,9,6,0
4,1,10,8,1
4,1,11,5,0
4,1,12,13,0
4,1,13,9,0
4,1,14,8,1
4,1,15,9,0
4,1,16,3,1
4,1,17,6,0
4,1,18,7,0
4,1,19,6,2
4,1,20,12,0
4,2,1,7,0
4,2,2,3,1
4,2,3,8,0
4,2,4,19,0
4,2,5,13,0
4,2,6,5,0
4,2,7,9,0
4,2,8,8,0
4,2,9,9,0
4,2,10,5,1
4,2,11,13,0
4,2,12,11,0
4,2,13,3,1
4,2,14,5,1
4,2,15,3,2
4,2,16,12,0
4,2,17,9,0
4,2,18,5,1
4,2,19,14,0
4,2,20,4,0
5,1,1,6,0
5,1,2,10,0
5,1,3,3,1
5,1,4,6,0
5,1,5,12,0
5,1,6,11,1
5,1,7,2,1
5,1,8,7,0
5,1,9,8,1
5,1,10,15,1
5,1,11,4,0
5,1,12,12,0
5,1,13,9,0
5,1,14,3,1
5,1,15,13,0
5,1,16,6,0
5,1,17,8,0
5,1,18,5,2
5,1,19,1,2
5,2,1,6,1
5,2,2,7,0
5,2,3,7,0
5,2,4,3,1
5,2,5,7,2
5,2,6,3,0
5,2,7,7,0
5,2,8,13,0
5,2,9,8,0
5,2,10,16,0
5,2,11,6,0
5,2,12,4,0
5,2,13,6,0
5,2,14,13,0
5,2,15,7,0
5,2,16,13,0
5,2,17,13,0
5,2,18,6,0
6,1,1,6,0
6,1,2,16,0
6,1,3,21,0
6,1,4,3,0
6,1,5,25,0
6,1,6,13,1
6,1,7,14,0
6,1,8,12,0
6,1,9,8,2
6,1,10,5,1
6,1,11,6,0
6,1,12,11,0
6,1,13,9,0
6,1,14,6,0
6,1,15,13,0
6,1,16,7,0
6,1,17,9,0
6,1,18,16,0
6,1,19,11,2
6,1,20,15,2
6,2,1,25,0
6,2,2,8,1
6,2,3,15,0
6,2,4,9,0
6,2,5,10,1
6,2,6,7,1
6,2,7,5,0
6,2,8,9,0
6,2,9,12,0
6,2,10,10,0
6,2,11,10,1
6,2,12,3,1
6,2,13,14,0
6,2,14,14,1
6,2,15,8,2
6,2,16,2,2
7,1,1,5,0
7,1,2,9,1
7,1,3,10,0
7,1,4,15,0
7,1,5,10,0
7,1,6,8,0
7,1,7,14,0
7,1,8,6,0
7,1,9,17,0
7,1,10,7,0
7,1,11,9,0
7,1,12,8,1
7,1,13,7,1
7,1,14,5,1
7,1,15,15,0
7,1,16,11,0
7,1,17,12,1
7,1,18,14,0
7,1,19,13,0
7,1,20,14,0
7,2,1,14,0
7,2,2,20,0
7,2,3,9,0
7,2,4,12,0
7,2,5,8,1
7,2,6,5,0
7,2,7,12,0
7,2,8,8,0
7,2,9,7,1
7,2,10,8,0
7,2,11,14,0
7,2,12,10,1
7,2,13,16,0
7,2,14,5,0
7,2,15,15,0
7,2,16,14,0
7,2,17,9,1
7,2,18,12,1
7,2,19,12,0
8,1,1,8,0
8,1,2,10,0
8,1,3,4,2
8,1,4,3,0
8,1,5,7,0
8,1,6,9,0
8,1,7,11,0
8,1,8,9,0
8,1,9,8,0
8,1,10,4,1
8,1,11,7,0
8,1,12,6,1
8,1,13,6,0
8,1,14,8,0
8,1,15,17,0
8,1,16,7,1
8,1,17,12,0
8,1,18,8,0
8,1,19,4,1
8,1,20,14,0
8,2,1,2,1
8,2,2,6,1
8,2,3,5,0
8,2,4,10,0
8,2,5,16,0
8,2,6,3,0
8,2,7,6,0
8,2,8,6,0
8,2,9,12,0
8,2,10,7,1
8,2,11,20,0
8,2,12,14,0
8,2,13,1,0
8,2,14,13,0
8,2,15,17,0
8,2,16,11,0
8,2,17,3,1
8,2,18,8,0
8,2,19,4,0
9,1,1,10,0
9,1,2,7,0
9,1,3,15,0
9,1,4,12,0
9,1,5,13,0
9,1,6,12,0
9,1,7,5,1
9,1,8,6,0
9,1,9,12,0
9,1,10,5,0
9,1,11,10,0
9,1,12,15,0
9,1,13,12,1
9,1,14,14,1
9,1,15,12,0
9,1,16,6,1
9,1,17,11,1
9,1,18,13,0
9,1,19,11,0
9,1,20,9,1
9,2,1,15,0
9,2,2,7,0
9,2,3,10,0
9,2,4,8,0
9,2,5,5,0
9,2,6,11,0
9,2,7,11,0
9,2,8,11,1
9,2,9,14,0
9,2,10,11,0
9,2,11,9,1
9,2,12,15,0
9,2,13,6,2
9,2,14,12,1
9,2,15,16,2
9,2,16,10,0
9,2,17,10,0
9,2,18,15,0
9,2,19,4,0
9,2,20,4,1
10,1,1,1,1
10,1,2,7,0
10,1,3,2,1
10,1,4,1,1
10,1,5,4,0
10,1,6,7,0
10,1,7,4,0
10,1,8,3,1
10,1,9,2,0
10,1,10,4,0
10,1,11,16,0
10,1,12,14,0
10,1,13,8,0
10,1,14,19,0
10,1,15,22,0
10,1,16,9,0
10,1,17,11,0
10,1,18,10,1
10,1,19,2,2
10,1,20,10,2
10,2,1,2,0
10,2,2,14,0
10,2,3,8,0
10,2,4,9,0
10,2,5,5,1
10,2,6,15,0
10,2,7,4,0
10,2,8,10,0
10,2,9,9,0
10,2,10,5,1
10,2,11,8,0
10,2,12,13,0
10,2,13,3,1
10,2,14,3,1
10,2,15,6,0
10,2,16,14,0
10,2,17,10,0
10,2,18,6,1
10,2,19,4,0
10,2,20,12,0
11,1,1,5,0
11,1,2,6,0
11,1,3,6,0
11,1,4,16,0
11,1,5,10,1
11,1,6,8,0
11,1,7,15,0
11,1,8,10,0
11,1,9,11,0
11,1,10,4,0
11,1,11,7,1
11,1,12,16,0
11,1,13,23,0
11,1,14,14,0
11,1,15,2,1
11,1,16,19,0
11,1,17,21,0
11,1,18,14,0
11,1,19,30,0
11,1,20,13,0
11,2,1,10,1
11,2,2,8,1
11,2,3,12,1
11,2,4,11,0
11,2,5,23,0
11,2,6,13,0
11,2,7,7,2
11,2,8,10,0
11,2,9,11,0
11,2,10,4,1
11,2,11,8,0
11,2,12,19,0
11,2,13,3,0
11,2,14,18,0
11,2,15,8,0
11,2,16,13,1
11,2,17,2,1
11,2,18,10,1
11,2,19,14,0
11,2,20,3,1
12,1,1,12,0
12,1,2,4,2
12,1,3,4,0
12,1,4,5,0
13,1,1,22,0
13,1,2,14,0
13,1,3,22,0
13,1,4,4,0
13,1,5,18,1
13,1,6,9,1
13,1,7,8,0
13,1,8,13,0
13,1,9,12,1
13,1,10,10,0
13,1,11,18,0
13,2,1,10,1
13,2,2,12,1
13,2,3,3,1
13,2,4,11,0
13,2,5,10,2
13,2,6,14,0
13,2,7,15,0
13,2,8,19,1
13,2,9,13,1
13,2,10,9,1
13,2,11,7,1
14,1,1,11,0
14,1,2,7,0
14,1,3,9,1
14,1,4,13,0
14,1,5,23,0
14,1,6,5,0
14,1,7,9,0
14,1,8,8,1
14,1,9,5,0
14,1,10,11,0
14,1,11,9,0
14,1,12,23,0
14,1,13,9,0
14,1,14,10,0
14,1,15,9,0
14,1,16,7,0
14,1,17,14,0
14,1,18,3,1
14,1,19,13,0
14,1,20,12,1
14,2,1,14,0
14,2,2,6,0
14,2,3,7,0
14,2,4,9,0
14,2,5,4,0
14,2,6,23,0
14,2,7,8,0
14,2,8,5,0
14,2,9,21,1
14,2,10,4,2
14,2,11,11,0
14,2,12,6,0
14,2,13,12,0
14,2,14,4,1
14,2,15,8,0
14,2,16,16,0
14,2,17,8,2
14,2,18,9,0
14,2,19,23,0
14,2,20,11,2
15,1,1,6,0
15,1,2,10,1
15,1,3,5,0
15,1,4,9,0
15,1,5,10,0
15,1,6,16,0
15,1,7,9,0
15,1,8,9,0
15,1,9,15,0
15,1,10,9,0
15,1,11,4,1
15,1,12,4,1
15,1,13,5,0
15,1,14,1,1
15,1,15,3,0
15,1,16,12,0
15,1,17,17,0
15,1,18,13,0
15,1,19,12,0
15,1,20,12,0
15,2,1,6,0
15,2,2,7,0
15,2,3,18,0
15,2,4,10,0
15,2,5,8,2
15,2,6,7,0
15,2,7,12,0
15,2,8,4,0
15,2,9,12,1
15,2,10,1,0
15,2,11,5,0
15,2,12,6,1
15,2,13,8,1
15,2,14,15,0
15,2,15,8,1
15,2,16,1,1
15,2,17,11,0
15,2,18,13,0
15,2,19,16,0
15,2,20,14,0
16,1,1,13,1
16,1,2,19,0
16,1,3,13,1
16,1,4,10,0
16,1,5,3,1
16,1,6,3,0
16,1,7,4,1
16,1,8,8,0
16,1,9,9,1
16,1,10,7,0
16,1,11,5,1
16,1,12,10,0
16,1,13,15,0
16,1,14,6,1
16,1,15,14,0
16,1,16,11,0
16,1,17,16,0
16,1,18,5,1
16,1,19,9,0
16,1,20,21,0
16,2,1,9,0
16,2,2,12,1
16,2,3,16,0
16,2,4,19,0
16,2,5,17,0
16,2,6,24,0
16,2,7,14,0
16,2,8,18,0
16,2,9,3,2
16,2,10,5,1
16,2,11,4,0
16,2,12,4,0
16,2,13,9,0
16,2,14,9,0
16,2,15,14,0
16,2,16,7,0
16,2,17,7,0
16,2,18,11,0
17,1,1,9,0
17,1,2,11,0
17,1,3,24,0
17,1,4,16,0
17,1,5,24,0
17,1,6,21,0
17,1,7,6,0
17,1,8,9,0
17,1,9,3,2
17,1,10,9,0
17,1,11,11,0
17,1,12,8,0
17,1,13,9,0
17,1,14,9,1
17,1,15,7,0
17,1,16,6,0
17,1,17,15,1
17,1,18,9,0
17,1,19,8,1
17,1,20,5,1
17,2,1,18,0
17,2,2,11,0
17,2,3,11,0
17,2,4,15,0
17,2,5,17,0
17,2,6,21,0
17,2,7,8,1
17,2,8,8,0
17,2,9,9,1
17,2,10,6,0
17,2,11,12,1
17,2,12,14,0
17,2,13,4,0
17,2,14,7,0
17,2,15,18,0
17,2,16,18,0
17,2,17,5,1
17,2,18,14,0
17,2,19,7,0
18,1,1,10,0
18,1,2,10,0
18,1,3,7,0
18,1,4,13,0
18,1,5,9,0
18,1,6,12,0
18,1,7,4,1
18,1,8,8,0
18,1,9,4,0
18,1,10,11,0
18,1,11,15,0
18,1,12,16,0
18,1,13,11,0
18,1,14,11,0
18,1,15,19,0
18,1,16,8,0
18,1,17,5,0
18,1,18,11,0
18,1,19,13,0
18,1,20,15,0
18,2,1,8,0
18,2,2,16,0
18,2,3,12,0
18,2,4,16,0
18,2,5,9,1
18,2,6,5,1
18,2,7,7,1
18,2,8,3,1
18,2,9,6,0
18,2,10,9,0
18,2,11,15,0
18,2,12,15,0
18,2,13,9,1
18,2,14,8,0
18,2,15,15,1
18,2,16,3,1
18,2,17,15,0
18,2,18,10,0
18,2,19,4,1
18,2,20,4,2
19,1,1,4,0
19,1,2,19,1
19,1,3,7,0
19,1,4,15,0
19,1,5,3,1
19,1,6,12,0
19,1,7,9,1
19,1,8,5,0
19,1,9,3,1
19,1,10,3,0
19,1,11,3,0
19,1,12,4,0
19,1,13,9,0
19,1,14,13,0
19,1,15,1,1
19,1,16,7,0
19,1,17,3,1
19,1,18,11,0
19,1,19,15,1
19,1,20,18,1
19,2,1,8,0
19,2,2,9,0
19,2,3,2,0
19,2,4,6,0
19,2,5,20,0
19,2,6,7,1
19,2,7,12,0
19,2,8,5,0
19,2,9,9,0
19,2,10,8,0
19,2,11,8,0
19,2,12,16,0
19,2,13,11,0
19,2,14,7,0
19,2,15,2,1
19,2,16,6,1
19,2,17,9,0
19,2,18,14,0
19,2,19,6,0
20,1,1,13,0
20,1,2,9,0
20,1,3,11,0
20,1,4,10,0
20,1,5,22,0
20,1,6,6,0
20,1,7,4,0
20,1,8,20,0
20,1,9,10,0
20,1,10,10,0
20,1,11,9,1
20,1,12,20,0
20,1,13,23,0
20,1,14,16,0
20,1,15,4,1
20,1,16,7,1
20,1,17,7,0
20,1,18,16,0
20,1,19,13,0
20,1,20,10,1
20,2,1,10,0
20,2,2,11,0
20,2,3,18,0
20,2,4,9,0
20,2,5,8,0
20,2,6,6,0
20,2,7,10,0
20,2,8,8,2
20,2,9,5,0
20,2,10,14,0
20,2,11,9,0
20,2,12,11,0
20,2,13,5,1
20,2,14,14,0
20,2,15,9,1
20,2,16,10,1
20,2,17,9,0
20,2,18,21,0
20,2,19,9,0
20,2,20,26,0
21,1,1,2,1
21,1,2,4,0
21,1,3,10,0
21,1,4,12,0
21,1,5,12,0
21,1,6,11,0
21,1,7,5,1
21,1,8,6,0
21,1,9,11,0
21,1,10,16,0
21,1,11,21,0
21,1,12,13,0
21,1,13,17,0
21,1,14,5,1
21,1,15,9,0
21,1,16,9,1
21,1,17,7,0
21,1,18,24,0
21,1,19,8,1
21,1,20,14,1
21,2,1,1,3
21,2,2,3,1
21,2,3,5,1
21,2,4,11,0
21,2,5,12,0
21,2,6,8,0
21,2,7,11,0
21,2,8,7,0
21,2,9,4,0
21,2,10,8,0
21,2,11,13,0
21,2,12,14,0
21,2,13,12,0
21,2,14,11,0
21,2,15,7,1
21,2,16,10,1
21,2,17,3,2
21,2,18,16,0
21,2,19,3,1
22,1,1,14,0
22,1,2,10,0
22,1,3,7,1
22,1,4,21,0
22,1,5,8,0
22,1,6,12,1
22,1,7,9,0
22,1,8,8,0
22,1,9,5,0
22,1,10,8,0
22,1,11,3,0
22,1,12,13,1
22,1,13,3,0
22,1,14,15,0
22,1,15,6,0
22,1,16,20,0
22,1,17,7,1
22,1,18,6,1
22,1,19,9,0
22,1,20,8,0
22,2,1,7,0
22,2,2,7,1
22,2,3,8,0
22,2,4,6,0
22,2,5,3,1
22,2,6,5,0
22,2,7,10,0
22,2,8,12,0
22,2,9,19,0
22,2,10,4,1
22,2,11,4,2
22,2,12,5,0
22,2,13,1,1
22,2,14,9,0
22,2,15,7,0
22,2,16,13,0
22,2,17,11,0
22,2,18,7,0
22,2,19,10,0
22,2,20,12,1
23,1,1,9,0
23,1,2,5,0
23,1,3,8,0
23,1,4,10,1
23,1,5,1,0
23,1,6,2,0
23,1,7,5,1
23,1,8,15,0
23,1,9,8,0
23,1,10,8,1
23,1,11,11,0
23,1,12,8,1
23,1,13,5,0
23,1,14,7,0
23,1,15,10,0
23,1,16,6,1
23,1,17,6,1
23,1,18,11,0
23,1,19,4,2
23,1,20,7,2
23,2,1,6,0
23,2,2,7,1
23,2,3,15,0
23,2,4,17,0
23,2,5,10,0
23,2,6,5,0
23,2,7,5,0
23,2,8,3,1
23,2,9,13,0
23,2,10,5,0
23,2,11,6,1
23,2,12,23,0
23,2,13,8,2
23,2,14,13,0
23,2,15,9,0
23,2,16,4,0
24,1,1,1,0
24,1,2,11,0
24,1,3,3,2
24,1,4,10,0
24,1,5,8,0
24,1,6,15,0
24,1,7,19,0
24,1,8,7,0
24,1,9,12,0
24,1,10,11,0
24,1,11,13,0
24,1,12,15,0
24,1,13,7,0
24,1,14,4,1
24,1,15,9,0
24,1,16,15,0
24,1,17,9,0
24,1,18,8,1
24,1,19,9,1
24,1,20,9,1
24,2,1,21,0
24,2,2,5,0
24,2,3,1,1
24,2,4,12,0
24,2,5,13,1
24,2,6,9,0
24,2,7,8,0
24,2,8,14,0
24,2,9,5,0
24,2,10,12,0
24,2,11,18,0
24,2,12,12,0
24,2,13,16,0
24,2,14,15,0
24,2,15,11,0
24,2,16,16,1
24,2,17,10,0
25,1,1,9,1
25,1,2,12,1
25,1,3,3,0
25,1,4,8,1
25,1,5,4,0
25,1,6,1,0
25,1,7,11,0
25,1,8,11,0
25,1,9,10,0
25,1,10,11,0
25,1,11,7,1
25,1,12,16,0
25,1,13,19,0
25,1,14,17,0
25,1,15,9,1
25,1,16,9,1
25,1,17,8,1
25,1,18,7,1
25,1,19,2,1
25,1,20,6,1
25,2,1,9,0
25,2,2,11,0
25,2,3,20,0
25,2,4,5,0
25,2,5,12,0
25,2,6,14,1
25,2,7,12,0
25,2,8,10,0
25,2,9,2,0
25,2,10,4,1
25,2,11,5,0
25,2,12,15,0
25,2,13,4,0
25,2,14,16,0
25,2,15,5,1
25,2,16,5,0
25,2,17,9,1
25,2,18,12,0
25,2,19,6,0
25,2,20,5,1
26,1,1,13,0
26,1,2,8,0
26,1,3,6,0
26,1,4,7,0
26,1,5,18,0
26,1,6,7,1
26,1,7,6,0
26,1,8,14,0
26,1,9,11,0
26,1,10,9,1
26,1,11,11,1
26,1,12,12,0
26,1,13,10,1
26,1,14,7,0
26,1,15,7,0
26,1,16,2,1
26,1,17,5,1
26,1,18,14,0
26,1,19,2,0
26,1,20,6,2
26,2,1,2,1
26,2,2,13,0
26,2,3,7,2
26,2,4,9,0
26,2,5,14,0
26,2,6,5,0
26,2,7,6,0
26,2,8,14,0
26,2,9,6,0
26,2,10,11,0
26,2,11,7,1
26,2,12,7,0
26,2,13,16,0
26,2,14,8,0
26,2,15,5,0
26,2,16,5,0
26,2,17,4,0
26,2,18,12,0
26,2,19,10,0
26,2,20,18,0
27,1,1,4,0
27,1,2,10,0
27,1,3,9,0
27,1,4,15,0
27,1,5,25,0
27,1,6,12,2
27,1,7,9,0
27,1,8,9,1
27,1,9,7,0
27,1,10,12,0
27,1,11,6,1
27,1,12,13,0
27,1,13,8,0
27,1,14,9,1
27,1,15,6,0
27,1,16,9,0
27,1,17,14,0
27,1,18,2,1
27,1,19,8,1
27,1,20,7,2
27,2,1,15,0
27,2,2,8,1
27,2,3,24,0
27,2,4,13,0
27,2,5,6,1
27,2,6,10,1
27,2,7,7,0
27,2,8,13,0
27,2,9,8,0
27,2,10,7,0
27,2,11,1,1
27,2,12,3,1
27,2,13,5,0
27,2,14,15,0
27,2,15,6,0
27,2,16,8,1
27,2,17,6,1
27,2,18,10,0
27,2,19,12,0
27,2,20,7,1
28,1,1,6,0
28,1,2,9,0
28,1,3,5,0
28,1,4,15,0
28,1,5,6,0
28,1,6,22,0
28,1,7,8,0
28,1,8,8,0
28,1,9,2,1
28,1,10,14,0
28,1,11,3,1
28,1,12,6,1
28,1,13,5,0
28,1,14,4,0
28,1,15,5,1
28,1,16,6,1
28,1,17,8,0
28,1,18,12,0
28,1,19,2,3
28,1,20,9,1
28,2,1,5,1
28,2,2,10,1
28,2,3,6,0
28,2,4,10,0
28,2,5,8,1
28,2,6,12,0
28,2,7,1,1
28,2,8,7,0
28,2,9,4,0
28,2,10,7,0
28,2,11,3,1
28,2,12,3,0
28,2,13,8,0
28,2,14,3,1
28,2,15,10,0
28,2,16,19,0
28,2,17,12,0
28,2,18,7,0
28,2,19,12,0
28,2,20,14,0
29,1,1,7,1
29,1,2,8,0
29,1,3,11,0
29,1,4,13,0
29,1,5,4,0
29,1,6,20,0
29,1,7,14,0
29,1,8,14,0
29,1,9,10,0
29,1,10,9,0
29,1,11,19,0
29,1,12,18,0
29,1,13,32,0
29,1,14,7,1
29,1,15,7,1
29,1,16,3,1
29,1,17,18,1
29,1,18,15,0
29,1,19,20,0
29,1,20,5,2
29,2,1,2,0
29,2,2,10,0
29,2,3,17,0
29,2,4,15,0
29,2,5,11,0
29,2,6,6,1
29,2,7,15,0
29,2,8,13,0
29,2,9,8,0
29,2,10,5,0
29,2,11,7,0
29,2,12,14,1
29,2,13,10,1
29,2,14,5,0
29,2,15,4,1
29,2,16,16,0
29,2,17,9,0
29,2,18,12,0
29,2,19,13,0
29,2,20,8,1
30,1,1,2,0
30,1,2,9,1
30,1,3,10,0
30,1,4,6,1
30,1,5,5,0
30,1,6,14,1
30,1,7,8,0
30,1,8,4,0
30,1,9,10,0
30,1,10,7,0
30,1,11,13,0
30,1,12,7,0
30,1,13,3,1
30,1,14,5,0
30,1,15,19,0
30,1,16,4,0
30,1,17,15,0
30,1,18,26,0
30,1,19,10,1
30,1,20,22,0
30,2,1,1,1
30,2,2,18,1
30,2,3,10,0
30,2,4,6,0
30,2,5,6,1
30,2,6,4,0
30,2,7,8,0
30,2,8,3,2
30,2,9,8,0
30,2,10,7,0
30,2,11,8,1
30,2,12,6,0
30,2,13,1,2
30,2,14,4,0
30,2,15,9,0
30,2,16,1,2
31,1,1,9,0
31,1,2,6,0
31,1,3,11,0
31,1,4,10,0
31,1,5,20,0
31,1,6,11,0
31,1,7,7,0
31,1,8,8,0
31,1,9,16,1
31,1,10,6,0
31,1,11,22,0
31,1,12,12,0
31,1,13,13,0
31,1,14,9,0
31,1,15,23,1
31,1,16,6,0
31,1,17,13,0
31,1,18,14,0
31,1,19,6,0
31,1,20,20,0
31,2,1,8,0
31,2,2,13,0
31,2,3,8,1
31,2,4,16,0
31,2,5,9,0
31,2,6,5,0
31,2,7,8,0
31,2,8,19,0
31,2,9,12,0
31,2,10,9,1
31,2,11,2,2
31,2,12,9,0
31,2,13,12,0
31,2,14,16,0
31,2,15,9,0
31,2,16,12,1
31,2,17,10,0
31,2,18,9,1
31,2,19,6,0
31,2,20,3,3
32,1,1,7,0
32,1,2,13,0
32,1,3,12,2
32,1,4,0,1
32,1,5,5,0
32,1,6,7,0
32,1,7,10,0
32,1,8,6,0
32,1,9,2,1
32,1,10,14,0
32,1,11,4,1
32,1,12,3,0
32,1,13,6,0
32,1,14,6,0
32,1,15,12,0
32,1,16,3,1
32,1,17,6,0
32,1,18,11,0
32,1,19,12,0
32,1,20,20,0
32,2,1,9,1
32,2,2,1,1
32,2,3,6,1
32,2,4,6,0
32,2,5,0,0
32,2,6,9,0
32,2,7,9,0
32,2,8,4,0
32,2,9,6,0
32,2,10,5,1
32,2,11,7,0
32,2,12,12,0
32,2,13,6,0
32,2,14,9,0
32,2,15,10,1
32,2,16,12,1
32,2,17,3,2
32,2,18,5,2
33,1,1,7,0
33,1,2,19,0
33,1,3,6,1
33,1,4,19,0
33,1,5,13,0
33,1,6,9,1
33,1,7,10,0
33,1,8,8,0
33,1,9,5,1
33,1,10,15,0
33,1,11,11,1
33,1,12,6,0
33,1,13,3,0
33,1,14,14,0
33,1,15,4,0
33,1,16,15,0
33,1,17,2,1
33,1,18,15,1
33,1,19,10,0
33,1,20,16,0
33,2,1,7,1
33,2,2,4,1
33,2,3,0,1
33,2,4,6,0
33,2,5,7,0
33,2,6,5,0
33,2,7,1,0
33,2,8,16,0
33,2,9,10,0
33,2,10,13,0
33,2,11,9,0
33,2,12,7,1
33,2,13,2,2
33,2,14,3,1
33,2,15,4,0
33,2,16,5,0
33,2,17,1,1
33,2,18,2,1
33,2,19,2,1
34,1,1,7,0
34,1,2,4,0
34,1,3,9,0
34,1,4,11,0
34,1,5,14,0
34,1,6,12,0
34,1,7,4,0
34,1,8,17,0
34,1,9,16,0
34,1,10,10,0
34,1,11,12,0
34,1,12,5,0
34,1,13,10,1
34,1,14,10,0
34,1,15,14,0
34,1,16,15,1
34,1,17,4,0
34,1,18,5,1
34,1,19,8,0
34,1,20,18,0
34,2,1,5,0
34,2,2,10,0
34,2,3,11,1
34,2,4,14,0
34,2,5,10,0
34,2,6,8,0
34,2,7,12,0
34,2,8,13,0
34,2,9,19,0
34,2,10,16,0
34,2,11,13,0
34,2,12,3,0
34,2,13,7,1
34,2,14,17,1
34,2,15,13,1
34,2,16,4,1
34,2,17,9,0
34,2,18,15,0
34,2,19,7,0
35,1,1,8,0
35,1,2,15,0
35,1,3,12,1
35,1,4,10,0
35,1,5,16,0
35,1,6,7,0
35,1,7,10,0
35,1,8,9,0
35,1,9,7,0
35,1,10,8,0
35,1,11,12,0
35,1,12,28,0
35,1,13,11,0
35,1,14,20,0
35,1,15,16,0
35,1,16,24,0
35,1,17,13,0
35,1,18,12,0
35,1,19,17,1
35,1,20,9,0
35,2,1,15,0
35,2,2,21,0
35,2,3,20,0
35,2,4,27,0
35,2,5,9,0
35,2,6,24,0
35,2,7,11,1
35,2,8,7,1
35,2,9,9,0
35,2,10,4,1
35,2,11,14,0
35,2,12,12,0
35,2,13,4,0
35,2,14,16,0
35,2,15,10,1
35,2,16,23,0
35,2,17,16,0
35,2,18,10,0
35,2,19,13,0
36,1,1,25,0
36,1,2,11,0
36,1,3,6,1
36,1,4,9,0
36,1,5,12,0
36,1,6,13,0
36,1,7,16,0
36,1,8,3,0
36,1,9,9,0
36,1,10,8,0
36,1,11,15,0
36,1,12,15,0
36,1,13,11,1
36,1,14,22,1
36,1,15,9,0
36,1,16,7,0
36,1,17,4,1
36,1,18,18,0
36,1,19,5,1
36,1,20,10,1
36,2,1,13,1
36,2,2,13,0
36,2,3,12,0
36,2,4,19,0
36,2,5,13,0
36,2,6,19,0
36,2,7,12,0
36,2,8,11,0
36,2,9,13,0
36,2,10,14,1
36,2,11,16,0
36,2,12,11,0
36,2,13,1,1
36,2,14,13,0
36,2,15,8,0
36,2,16,5,0
36,2,17,20,0
36,2,18,7,2
36,2,19,9,0
37,1,1,1,0
37,1,2,10,0
37,1,3,10,0
37,1,4,4,2
37,1,5,1,1
37,1,6,2,0
37,1,7,5,0
37,1,8,3,0
37,1,9,2,1
37,1,10,5,0
37,1,11,2,0
37,1,12,6,0
37,1,13,15,0
37,1,14,9,0
37,1,15,21,0
37,1,16,6,1
37,1,17,11,0
37,1,18,9,1
37,1,19,21,1
37,1,20,15,0
37,2,1,11,0
37,2,2,2,0
37,2,3,17,0
37,2,4,1,0
37,2,5,11,0
37,2,6,13,0
37,2,7,5,1
37,2,8,9,0
37,2,9,6,0
37,2,10,7,0
37,2,11,11,0
37,2,12,9,0
37,2,13,16,0
37,2,14,11,0
37,2,15,9,0
37,2,16,16,0
37,2,17,8,1
38,1,1,2,0
38,1,2,1,1
38,1,3,10,0
38,1,4,8,1
38,1,5,6,1
38,1,6,4,0
38,1,7,6,1
38,1,8,6,0
38,1,9,16,0
38,1,10,5,0
38,1,11,9,2
38,1,12,4,0
38,1,13,4,0
38,1,14,10,0
38,1,15,2,1
38,1,16,7,0
38,1,17,5,0
38,1,18,7,0
38,1,19,17,0
38,1,20,26,0
38,2,1,8,0
38,2,2,1,1
38,2,3,8,0
38,2,4,5,0
38,2,5,8,0
38,2,6,7,0
38,2,7,5,0
38,2,8,5,0
38,2,9,10,0
38,2,10,6,0
38,2,11,4,1
38,2,12,7,0
38,2,13,7,1
38,2,14,8,1
38,2,15,3,0
38,2,16,12,1
38,2,17,14,0
38,2,18,10,1
38,2,19,11,1
38,2,20,16,1
38,3,1,1,2
38,4,1,4,0
39,1,1,2,1
39,1,2,5,2
39,1,3,1,2
39,1,4,1,1
39,1,5,2,0
39,1,6,2,0
39,1,7,12,0
39,1,8,9,0
39,1,9,9,1
39,1,10,3,0
39,1,11,12,0
39,1,12,1,0
39,1,13,5,1
39,1,14,3,0
39,1,15,4,0
39,1,16,0,1
39,1,17,4,1
39,2,1,7,0
39,2,2,6,0
39,2,3,14,1
39,2,4,12,0
39,2,5,21,0
39,2,6,5,0
39,2,7,12,0
40,1,1,8,0
40,1,2,21,0
40,1,3,8,1
40,1,4,11,0
40,1,5,4,0
40,1,6,13,0
40,1,7,15,0
40,1,8,15,0
40,1,9,6,1
40,1,10,6,0
40,1,11,11,0
40,1,12,9,0
40,1,13,7,0
40,1,14,10,1
40,1,15,6,0
40,1,16,10,0
40,1,17,7,0
40,1,18,14,1
40,1,19,17,0
40,1,20,24,0
40,2,1,15,0
40,2,2,17,0
40,2,3,12,0
40,2,4,22,1
40,2,5,2,0
40,2,6,16,0
40,2,7,6,0
40,2,8,5,0
40,2,9,8,0
40,2,10,6,1
40,2,11,9,0
40,2,12,13,1
40,2,13,8,0
40,2,14,12,1
40,2,15,14,0
40,2,16,15,0
40,2,17,8,0
40,2,18,17,0
40,2,19,16,0
40,2,20,7,0
41,1,1,6,0
41,1,2,15,0
41,1,3,16,0
41,1,4,7,0
41,1,5,16,0
41,1,6,18,0
41,1,7,15,0
41,1,8,17,1
41,1,9,3,1
41,1,10,11,0
41,1,11,13,0
41,1,12,19,0
41,1,13,7,0
41,1,14,4,1
41,1,15,14,0
41,1,16,21,0
41,1,17,6,0
41,1,18,13,0
41,1,19,8,1
41,1,20,14,1
41,2,1,11,0
41,2,2,14,0
41,2,3,18,0
41,2,4,19,0
41,2,5,12,0
41,2,6,18,0
41,2,7,23,0
41,2,8,11,0
41,2,9,4,2
41,2,10,4,1
41,2,11,16,0
41,2,12,18,0
41,2,13,8,0
41,2,14,13,0
41,2,15,4,0
41,2,16,19,0
41,2,17,8,1
41,2,18,13,0
41,2,19,16,0
42,1,1,6,0
42,1,2,21,0
42,1,3,7,1
42,1,4,5,1
42,1,5,14,0
42,1,6,6,0
42,1,7,12,0
42,1,8,9,1
42,1,9,9,1
42,1,10,2,1
42,1,11,6,1
42,1,12,3,0
42,1,13,13,0
42,1,14,13,1
42,1,15,6,1
42,1,16,1,0
42,1,17,3,0
42,1,18,7,0
42,1,19,12,0
42,1,20,0,2
42,2,1,12,0
42,2,2,24,0
42,2,3,6,1
42,2,4,13,0
42,2,5,2,1
42,2,6,12,0
42,2,7,17,0
42,2,8,8,1
42,2,9,8,0
42,2,10,7,0
42,2,11,13,2
42,2,12,10,0
42,2,13,5,0
42,2,14,4,1
42,2,15,4,0
42,2,16,13,0
43,1,1,7,1
43,1,2,5,1
43,1,3,9,0
43,1,4,8,0
43,1,5,7,0
43,1,6,20,0
43,1,7,8,0
43,1,8,7,0
43,1,9,14,0
43,1,10,6,0
43,1,11,15,0
43,1,12,10,1
43,1,13,5,0
43,1,14,9,0
43,1,15,17,0
43,1,16,15,0
43,1,17,11,2
43,1,18,20,0
43,1,19,14,0
43,1,20,18,1
43,2,1,11,0
43,2,2,8,0
43,2,3,15,0
43,2,4,15,0
43,2,5,10,0
43,2,6,11,0
43,2,7,8,0
43,2,8,10,0
43,2,9,20,0
43,2,10,5,1
43,2,11,7,0
43,2,12,18,0
43,2,13,10,0
43,2,14,18,0
43,2,15,7,1
43,2,16,11,1
43,2,17,12,0
43,2,18,16,0
43,2,19,9,0
43,2,20,5,0
44,1,1,1,0
44,1,2,4,1
44,1,3,15,0
44,1,4,9,0
44,1,5,18,0
44,1,6,10,0
44,1,7,6,1
44,1,8,7,0
44,1,9,7,0
44,1,10,13,0
44,1,11,10,1
44,1,12,6,0
44,1,13,4,1
44,1,14,3,0
44,1,15,7,0
44,1,16,4,0
44,1,17,11,1
44,1,18,7,1
44,1,19,4,0
44,1,20,13,1
44,2,1,7,0
44,2,2,6,1
44,2,3,17,0
44,2,4,7,0
44,2,5,18,0
44,2,6,7,1
44,2,7,7,0
44,2,8,11,0
44,2,9,5,0
44,2,10,7,0
44,2,11,5,0
44,2,12,10,0
44,2,13,7,0
44,2,14,8,0
44,2,15,7,0
44,2,16,9,0
44,2,17,14,0
44,2,18,4,0
44,2,19,4,0
45,1,1,9,0
45,1,2,17,0
45,1,3,11,0
45,1,4,8,1
45,1,5,14,0
45,1,6,12,0
45,1,7,13,0
45,1,8,5,0
45,1,9,16,1
45,1,10,2,0
45,1,11,14,1
45,1,12,4,1
45,1,13,6,0
45,1,14,4,1
45,1,15,4,0
45,1,16,9,2
45,1,17,8,1
45,1,18,3,1
45,1,19,6,1
45,2,1,8,0
45,2,2,6,0
45,2,3,8,0
45,2,4,27,1
45,2,5,6,0
45,2,6,16,0
45,2,7,8,0
45,2,8,10,0
45,2,9,10,0
45,2,10,6,0
45,2,11,5,0
45,2,12,9,0
45,2,13,3,0
45,2,14,7,0
45,2,15,4,1
45,2,16,10,0
45,2,17,10,1
45,2,18,7,0
45,2,19,9,0
46,1,1,6,2
46,1,2,11,0
46,1,3,6,0
46,1,4,4,0
46,1,5,8,0
46,1,6,0,1
46,1,7,4,1
46,1,8,6,0
46,1,9,2,1
46,1,10,4,0
46,1,11,11,0
46,1,12,4,0
46,1,13,15,0
46,1,14,27,0
46,1,15,10,0
46,1,16,8,1
46,1,17,8,0
46,1,18,7,2
46,1,19,8,0
46,1,20,14,1
46,2,1,12,0
46,2,2,6,1
46,2,3,7,0
46,2,4,8,0
46,2,5,16,0
46,2,6,9,0
46,2,7,6,0
46,2,8,5,0
46,2,9,4,1
46,2,10,5,0
46,2,11,14,0
46,2,12,7,1
46,2,13,4,0
46,2,14,13,0
46,2,15,8,1
46,2,16,4,0
46,2,17,12,1
46,2,18,7,0
46,2,19,6,1
46,2,20,14,0
47,1,1,11,0
47,1,2,10,0
47,1,3,9,1
47,1,4,21,0
47,1,5,20,0
47,1,6,19,0
47,1,7,16,0
47,1,8,17,0
47,1,9,4,2
47,1,10,14,0
47,1,11,14,1
47,1,12,5,0
47,1,13,4,1
47,1,14,7,0
47,1,15,4,0
47,1,16,17,0
47,1,17,14,0
47,1,18,9,0
47,1,19,7,0
47,1,20,6,0
47,2,1,10,0
47,2,2,11,0
47,2,3,14,0
47,2,4,9,0
47,2,5,6,0
47,2,6,21,0
47,2,7,16,0
47,2,8,11,0
47,2,9,23,0
47,2,10,6,0
47,2,11,17,1
47,2,12,14,0
47,2,13,14,0
47,2,14,5,1
47,2,15,10,0
47,2,16,3,1
47,2,17,12,0
47,2,18,16,1
47,2,19,11,0
48,1,1,8,0
48,1,2,5,0
48,1,3,6,0
48,1,4,10,1
48,1,5,7,0
48,1,6,1,1
48,1,7,8,0
48,1,8,7,1
48,1,9,5,0
48,1,10,5,1
48,1,11,7,1
48,1,12,4,0
48,1,13,4,0
48,1,14,10,0
48,1,15,10,0
48,1,16,12,0
48,1,17,7,0
48,1,18,14,0
48,1,19,5,1
48,1,20,20,1
48,2,1,3,0
48,2,2,12,0
48,2,3,7,0
48,2,4,2,1
48,2,5,4,0
48,2,6,16,0
48,2,7,5,1
48,2,8,8,0
48,2,9,9,0
48,2,10,8,0
48,2,11,4,0
48,2,12,18,0
48,2,13,9,0
48,2,14,1,0
48,2,15,20,0
48,2,16,12,0
48,2,17,11,0
48,2,18,10,0
49,1,1,11,0
49,1,2,21,0
49,1,3,16,0
49,1,4,6,1
49,1,5,11,0
49,1,6,14,0
49,1,7,7,1
49,1,8,8,0
49,1,9,13,0
49,1,10,11,0
49,1,11,6,0
49,1,12,10,0
49,1,13,13,0
49,1,14,21,0
49,1,15,6,1
49,1,16,8,0
49,1,17,17,0
49,1,18,13,0
49,1,19,10,0
49,1,20,13,1
49,2,1,4,1
49,2,2,6,1
49,2,3,13,0
49,2,4,6,1
49,2,5,19,0
49,2,6,9,0
49,2,7,7,1
49,2,8,5,0
49,2,9,5,0
49,2,10,17,0
49,2,11,18,0
49,2,12,5,1
49,2,13,7,1
49,2,14,5,0
49,2,15,4,0
49,2,16,12,0
49,2,17,16,0
49,2,18,10,0
49,2,19,19,0
49,2,20,15,1
50,1,1,5,0
50,1,2,13,0
50,1,3,9,0
50,1,4,12,0
50,1,5,17,0
50,1,6,12,0
50,1,7,12,0
50,1,8,6,0
50,1,9,9,0
50,1,10,3,1
50,1,11,11,0
50,1,12,6,0
50,1,13,10,0
50,1,14,20,0
50,1,15,10,0
50,1,16,10,0
50,1,17,18,1
50,1,18,10,0
50,1,19,16,1
50,2,1,9,1
50,2,2,8,1
50,2,3,3,0
50,2,4,6,0
50,2,5,9,0
50,2,6,10,0
50,2,7,15,0
50,2,8,9,0
50,2,9,17,0
50,2,10,18,0
50,2,11,3,2
50,2,12,6,1
50,2,13,9,0
50,2,14,11,0
50,2,15,17,0
50,2,16,16,1
50,2,17,14,0
50,2,18,13,0
50,2,19,10,0
51,1,1,7,0
51,1,2,10,0
51,1,3,11,0
51,1,4,11,0
51,1,5,10,1
51,1,6,6,0
51,1,7,7,0
51,1,8,12,1
51,1,9,3,0
51,1,10,3,1
51,1,11,9,2
51,1,12,1,0
51,1,13,4,0
51,1,14,2,0
51,1,15,2,0
51,1,16,2,0
51,1,17,16,0
51,1,18,10,0
51,1,19,13,1
51,1,20,3,2
51,2,1,6,0
51,2,2,11,0
51,2,3,12,1
51,2,4,3,1
51,2,5,2,0
51,2,6,9,0
51,2,7,13,0
51,2,8,10,0
51,2,9,5,0
51,2,10,4,0
51,2,11,13,0
51,2,12,16,0
51,2,13,21,0
51,2,14,15,0
51,2,15,7,0
52,1,1,18,0
52,1,2,8,0
52,1,3,11,0
52,1,4,15,0
52,1,5,15,0
52,1,6,15,0
52,1,7,10,0
52,1,8,6,0
52,1,9,10,0
52,1,10,6,0
52,1,11,5,1
52,1,12,17,0
52,1,13,14,0
52,1,14,5,1
52,1,15,11,0
52,1,16,13,0
52,1,17,17,1
52,1,18,8,0
52,1,19,4,1
52,1,20,21,0
52,2,1,11,0
52,2,2,15,0
52,2,3,12,1
52,2,4,2,1
52,2,5,22,0
52,2,6,16,1
52,2,7,8,0
52,2,8,5,2
52,2,9,2,0
52,2,10,6,0
52,2,11,8,0
52,2,12,14,1
52,2,13,7,0
52,2,14,9,1
52,2,15,4,1
52,2,16,10,0
52,2,17,1,2
53,1,1,16,0
53,1,2,8,0
53,1,3,16,0
53,1,4,18,0
53,1,5,19,0
53,1,6,14,1
53,1,7,3,1
53,1,8,7,0
53,1,9,11,0
53,1,10,5,2
53,1,11,6,0
53,1,12,6,0
53,1,13,8,1
53,1,14,9,0
53,1,15,8,1
53,1,16,5,0
53,1,17,8,0
53,1,18,10,0
53,1,19,17,0
53,1,20,9,2
53,2,1,11,0
53,2,2,15,0
53,2,3,9,0
53,2,4,12,1
53,2,5,25,0
53,2,6,25,0
53,2,7,11,0
53,2,8,13,0
53,2,9,4,0
53,2,10,6,1
53,2,11,5,0
53,2,12,6,0
53,2,13,11,1
53,2,14,4,0
53,2,15,8,0
53,2,16,4,1
53,2,17,5,1
53,2,18,9,0
53,2,19,11,0
53,2,20,14,0
54,1,1,4,1
54,1,2,18,0
54,1,3,6,2
54,1,4,6,0
54,1,5,7,0
54,1,6,12,0
54,1,7,4,0
54,1,8,8,0
54,1,9,10,0
54,1,10,7,0
54,1,11,9,0
54,1,12,11,0
54,1,13,12,1
54,1,14,11,0
54,1,15,6,0
54,1,16,5,1
54,1,17,13,0
54,1,18,6,1
54,1,19,6,1
54,1,20,5,0
54,2,1,14,1
54,2,2,4,0
54,2,3,6,1
54,2,4,8,0
54,2,5,7,0
54,2,6,8,1
54,2,7,4,0
54,2,8,5,0
54,2,9,9,0
54,2,10,9,0
54,2,11,8,0
54,2,12,12,0
54,2,13,0,1
54,2,14,16,0
54,2,15,8,0
54,2,16,13,2
54,2,17,6,0
54,2,18,12,1
54,2,19,3,0
54,2,20,15,1
55,1,1,22,0
55,1,2,12,0
55,1,3,17,0
55,1,4,8,0
55,1,5,11,0
55,1,6,2,0
55,1,7,6,1
55,1,8,10,0
55,1,9,9,1
55,1,10,10,0
55,1,11,9,0
55,1,12,9,0
55,1,13,8,0
55,1,14,7,0
55,1,15,9,0
55,1,16,13,0
55,1,17,6,0
55,1,18,19,1
55,1,19,16,2
55,1,20,7,0
55,2,1,6,0
55,2,2,4,1
55,2,3,4,1
55,2,4,18,0
55,2,5,6,1
55,2,6,9,0
55,2,7,16,0
55,2,8,10,0
55,2,9,3,1
55,2,10,11,0
55,2,11,11,0
55,2,12,15,0
55,2,13,11,0
55,2,14,14,1
55,2,15,5,0
55,2,16,15,0
55,2,17,17,1
55,2,18,19,0
55,2,19,22,1
56,1,1,5,0
56,1,2,10,0
56,1,3,2,1
56,1,4,4,0
56,1,5,5,0
56,1,6,8,1
56,1,7,13,0
56,1,8,9,0
56,1,9,7,0
56,1,10,5,1
56,1,11,10,0
56,1,12,6,0
56,1,13,10,0
56,1,14,13,0
56,1,15,7,0
56,1,16,9,0
56,1,17,10,1
56,1,18,7,0
56,1,19,18,0
56,1,20,10,1
56,2,1,0,1
56,2,2,13,1
56,2,3,10,0
56,2,4,6,1
56,2,5,1,0
56,2,6,4,1
56,2,7,9,0
56,2,8,5,0
56,2,9,6,0
56,2,10,2,1
56,2,11,4,2
56,2,12,11,0
56,2,13,1,1
56,2,14,10,1
56,2,15,4,1
57,1,1,4,0
57,1,2,14,0
57,1,3,8,1
57,1,4,17,0
57,1,5,6,1
57,1,6,7,0
57,1,7,8,0
57,1,8,5,0
57,1,9,7,0
57,1,10,10,0
57,1,11,11,0
57,1,12,14,0
57,1,13,10,1
57,1,14,10,0
57,1,15,10,0
57,1,16,12,0
57,1,17,12,0
57,1,18,7,0
57,1,19,10,0
57,1,20,10,1
57,2,1,2,0
57,2,2,18,0
57,2,3,16,0
57,2,4,9,1
57,2,5,11,0
57,2,6,10,0
57,2,7,5,0
57,2,8,10,0
57,2,9,8,0
57,2,10,12,0
57,2,11,13,0
57,2,12,4,0
57,2,13,11,0
57,2,14,4,1
57,2,15,12,0
57,2,16,12,1
57,2,17,15,0
57,2,18,9,1
57,2,19,9,0
57,2,20,4,0
58,1,1,7,0
58,1,2,9,0
58,1,3,5,0
58,1,4,10,0
58,1,5,15,0
58,1,6,9,1
58,1,7,3,0
58,1,8,9,0
58,1,9,9,0
58,1,10,13,0
58,1,11,11,0
58,1,12,11,2
58,1,13,11,1
58,1,14,6,1
58,1,15,7,1
58,1,16,5,0
58,1,17,7,1
58,1,18,19,1
58,1,19,22,0
58,1,20,12,0
58,2,1,2,0
58,2,2,11,0
58,2,3,15,0
58,2,4,12,0
58,2,5,6,0
58,2,6,13,0
58,2,7,10,1
58,2,8,3,0
58,2,9,13,1
58,2,10,4,1
58,2,11,9,0
58,2,12,5,0
58,2,13,13,0
58,2,14,5,0
58,2,15,8,0
58,2,16,20,0
58,2,17,2,1
58,2,18,22,0
58,2,19,13,0
58,2,20,19,0
59,1,1,13,0
59,1,2,7,0
59,1,3,5,0
59,1,4,6,1
59,1,5,3,0
59,1,6,3,1
59,1,7,14,0
59,1,8,10,1
59,1,9,8,0
59,1,10,2,0
59,1,11,15,0
59,1,12,6,0
59,1,13,16,0
59,1,14,7,0
59,1,15,12,1
59,1,16,15,1
59,1,17,7,0
59,1,18,4,0
59,1,19,11,0
59,1,20,23,0
59,2,1,15,0
59,2,2,5,0
59,2,3,11,0
59,2,4,8,0
59,2,5,28,0
59,2,6,19,0
59,2,7,9,0
59,2,8,14,0
59,2,9,5,0
59,2,10,10,0
59,2,11,5,0
59,2,12,7,2
59,2,13,2,0
59,2,14,8,1
59,2,15,10,0
59,2,16,8,0
59,2,17,24,0
60,1,1,5,0
60,1,2,8,0
60,1,3,12,0
60,1,4,14,0
60,1,5,8,1
60,1,6,9,0
60,1,7,11,0
60,1,8,18,0
60,1,9,15,0
60,1,10,16,0
60,1,11,22,0
60,1,12,5,1
60,1,13,14,0
60,1,14,17,0
60,1,15,5,0
60,1,16,13,0
60,1,17,8,0
60,1,18,10,0
60,1,19,25,0
60,1,20,12,0
60,2,1,15,0
60,2,2,12,0
60,2,3,15,0
60,2,4,7,0
60,2,5,2,1
60,2,6,5,0
60,2,7,13,0
60,2,8,5,0
60,2,9,18,0
60,2,10,9,0
60,2,11,10,0
60,2,12,11,0
60,2,13,8,0
60,2,14,22,0
60,2,15,11,0
60,2,16,14,0
60,2,17,5,1
60,2,18,21,0
60,2,19,5,1
60,2,20,10,1
61,1,1,4,0
61,1,2,13,0
61,1,3,10,1
61,1,4,13,0
61,1,5,9,0
61,1,6,12,0
61,1,7,21,0
61,1,8,9,0
61,1,9,6,0
61,1,10,4,1
61,1,11,7,0
61,1,12,12,0
61,1,13,11,0
61,1,14,12,0
61,1,15,14,1
61,1,16,11,0
61,1,17,19,0
61,1,18,13,0
61,1,19,8,0
61,1,20,14,1
61,2,1,5,1
61,2,2,11,0
61,2,3,3,1
61,2,4,4,1
61,2,5,15,0
61,2,6,11,0
61,2,7,11,0
61,2,8,8,1
61,2,9,12,0
61,2,10,6,0
61,2,11,7,1
61,2,12,9,0
61,2,13,20,0
61,2,14,12,0
61,2,15,12,0
61,2,16,14,0
61,2,17,7,1
61,2,18,16,0
61,2,19,7,0
61,2,20,9,2
62,1,1,12,0
62,1,2,7,1
62,1,3,16,0
62,1,4,5,0
62,1,5,18,0
62,1,6,17,0
62,1,7,11,0
62,1,8,6,1
62,1,9,6,0
62,1,10,6,0
62,1,11,13,0
62,1,12,23,0
62,1,13,12,0
62,1,14,8,0
62,1,15,6,3
62,1,16,5,0
62,1,17,3,1
62,1,18,8,0
62,1,19,6,1
62,1,20,5,1
62,2,1,14,0
62,2,2,13,0
62,2,3,11,0
62,2,4,12,0
62,2,5,10,0
62,2,6,12,0
62,2,7,13,0
62,2,8,4,0
62,2,9,6,0
62,2,10,10,0
62,2,11,8,1
62,2,12,8,0
62,2,13,2,1
62,2,14,7,0
62,2,15,12,1
62,2,16,9,0
62,2,17,8,1
62,2,18,16,0
62,2,19,12,1
62,2,20,10,0
63,1,1,17,0
63,1,2,13,0
63,1,3,13,1
63,1,4,3,0
63,1,5,6,1
63,1,6,5,0
63,1,7,6,0
63,1,8,16,0
63,1,9,10,0
63,1,10,2,1
63,1,11,8,0
63,1,12,1,1
63,1,13,4,0
63,1,14,18,0
63,1,15,10,0
63,1,16,12,0
63,1,17,7,0
63,1,18,8,1
63,1,19,13,1
63,1,20,8,1
63,2,1,10,0
63,2,2,5,0
63,2,3,4,1
63,2,4,12,0
63,2,5,7,0
63,2,6,7,0
63,2,7,8,0
63,2,8,4,1
63,2,9,7,0
63,2,10,11,0
63,2,11,14,0
63,2,12,9,0
63,2,13,16,0
63,2,14,12,0
63,2,15,11,1
63,2,16,6,0
63,2,17,10,0
63,2,18,15,1
63,2,19,13,1
64,1,1,12,0
64,1,2,13,0
64,1,3,13,0
64,1,4,16,0
64,1,5,14,0
64,1,6,15,0
64,1,7,12,0
64,1,8,10,0
64,1,9,11,1
64,1,10,11,0
64,1,11,10,0
64,1,12,12,0
64,1,13,7,1
64,1,14,4,0
64,1,15,5,0
64,1,16,17,0
64,1,17,12,0
64,1,18,10,0
64,1,19,11,0
64,1,20,5,3
64,2,1,23,0
64,2,2,2,0
64,2,3,5,0
64,2,4,19,0
64,2,5,7,0
64,2,6,15,0
64,2,7,5,1
64,2,8,8,0
64,2,9,26,0
64,2,10,11,0
64,2,11,16,0
64,2,12,29,0
64,2,13,11,0
64,2,14,3,1
64,2,15,8,0
64,2,16,8,0
64,2,17,5,1
64,2,18,10,0
64,2,19,8,0
64,2,20,6,0
65,1,1,6,0
65,1,2,4,0
65,1,3,7,2
65,1,4,7,1
65,1,5,10,0
65,1,6,12,1
65,1,7,4,0
65,1,8,7,0
65,1,9,4,0
65,1,10,3,0
65,1,11,4,0
65,1,12,6,0
65,1,13,9,0
65,1,14,5,1
65,1,15,6,0
65,1,16,1,1
65,1,17,11,1
65,1,18,9,0
65,1,19,13,0
65,1,20,19,1
65,2,1,10,1
65,2,2,2,0
65,2,3,5,0
65,2,4,14,0
65,2,5,8,0
65,2,6,12,1
65,2,7,3,0
65,2,8,13,1
65,2,9,6,0
65,2,10,11,0
65,2,11,8,0
65,2,12,5,0
65,2,13,15,0
65,2,14,3,0
65,2,15,3,1
65,2,16,11,1
65,2,17,7,0
65,2,18,5,1
65,2,19,7,0
66,1,1,8,0
66,1,2,15,0
66,1,3,7,0
66,1,4,15,0
66,1,5,3,0
66,1,6,14,0
66,1,7,16,0
66,1,8,3,0
66,1,9,15,0
66,1,10,15,0
66,1,11,10,0
66,1,12,3,0
66,1,13,5,1
66,1,14,22,0
66,1,15,8,0
66,1,16,14,0
66,1,17,13,0
66,1,18,15,0
66,1,19,15,2
66,1,20,13,1
66,2,1,10,1
66,2,2,13,0
66,2,3,8,2
66,2,4,12,0
66,2,5,8,0
66,2,6,7,1
66,2,7,5,1
66,2,8,9,0
66,2,9,19,0
66,2,10,18,0
66,2,11,14,1
66,2,12,13,0
66,2,13,4,2
66,2,14,0,2
67,1,1,13,0
67,1,2,8,0
67,1,3,12,0
67,1,4,12,1
67,1,5,7,0
67,1,6,11,0
67,1,7,14,0
67,1,8,19,0
67,1,9,7,1
67,1,10,13,0
67,1,11,8,0
67,1,12,5,0
67,1,13,27,0
67,1,14,15,0
67,1,15,18,0
67,1,16,20,0
67,1,17,16,1
67,1,18,13,0
67,1,19,8,0
67,1,20,9,1
67,2,1,14,0
67,2,2,5,0
67,2,3,15,0
67,2,4,23,0
67,2,5,14,1
67,2,6,4,1
67,2,7,10,0
67,2,8,6,0
67,2,9,3,1
67,2,10,6,0
67,2,11,12,0
67,2,12,9,0
67,2,13,6,0
67,2,14,12,0
67,2,15,10,0
67,2,16,11,0
67,2,17,8,0
67,2,18,9,0
67,2,19,8,1
67,2,20,15,0
68,1,1,16,0
68,1,2,1,1
68,1,3,3,1
68,1,4,4,0
68,1,5,18,0
68,1,6,24,0
68,1,7,5,1
68,1,8,8,0
68,1,9,9,0
68,1,10,12,0
68,1,11,3,0
68,1,12,19,0
68,1,13,4,0
68,1,14,8,1
68,1,15,13,0
68,1,16,10,0
68,1,17,12,1
68,1,18,4,1
68,1,19,6,0
68,1,20,17,0
68,2,1,10,1
68,2,2,11,0
68,2,3,9,1
68,2,4,11,0
68,2,5,14,0
68,2,6,10,0
68,2,7,4,0
68,2,8,10,0
68,2,9,15,0
68,2,10,11,0
68,2,11,6,0
68,2,12,14,0
68,2,13,14,0
68,2,14,11,0
68,2,15,12,1
68,2,16,20,0
68,2,17,5,0
68,2,18,13,0
69,1,1,9,0
69,1,2,4,0
69,1,3,12,0
69,1,4,8,1
69,1,5,6,1
69,1,6,15,1
69,1,7,6,0
69,1,8,15,0
69,1,9,9,0
69,1,10,10,0
69,1,11,6,1
69,1,12,15,0
69,1,13,4,1
69,1,14,3,0
69,1,15,10,0
69,1,16,16,1
69,1,17,13,0
69,1,18,14,2
69,1,19,16,0
69,1,20,14,0
69,2,1,1,1
69,2,2,12,0
69,2,3,10,1
69,2,4,12,1
69,2,5,3,0
69,2,6,11,1
69,2,7,10,0
69,2,8,8,0
69,2,9,14,0
69,2,10,9,0
69,2,11,4,0
69,2,12,22,1
69,2,13,15,0
69,2,14,8,0
69,2,15,8,0
69,2,16,3,1
69,2,17,5,1
69,2,18,11,1
69,2,19,3,1
69,2,20,6,0
70,1,1,10,0
70,1,2,2,0
70,1,3,14,0
70,1,4,13,0
70,1,5,3,1
70,1,6,11,0
70,1,7,4,0
70,1,8,13,0
70,1,9,10,0
70,1,10,8,1
70,1,11,20,0
70,1,12,6,0
70,1,13,13,1
70,1,14,8,0
70,1,15,5,0
70,1,16,10,0
70,1,17,17,1
70,1,18,8,0
70,1,19,12,0
70,1,20,16,1
70,2,1,5,0
70,2,2,6,0
70,2,3,15,0
70,2,4,17,0
70,2,5,4,1
70,2,6,8,0
70,2,7,9,0
70,2,8,21,0
70,2,9,8,1
70,2,10,5,1
70,2,11,5,0
70,2,12,12,0
70,2,13,11,0
70,2,14,3,2
70,2,15,4,1
70,2,16,9,0
70,2,17,11,0
70,2,18,6,3
70,2,19,4,1
71,1,1,14,0
71,1,2,7,1
71,1,3,11,0
71,1,4,18,0
71,1,5,12,0
71,1,6,14,0
71,1,7,10,0
71,1,8,6,0
71,1,9,4,2
71,1,10,3,0
71,1,11,13,0
71,1,12,13,0
71,1,13,3,0
71,1,14,12,0
71,1,15,28,0
71,1,16,21,0
71,1,17,15,1
71,1,18,10,1
71,1,19,21,0
71,1,20,19,0
71,2,1,11,0
71,2,2,2,0
71,2,3,14,1
71,2,4,10,1
71,2,5,14,1
71,2,6,0,2
71,2,7,2,0
71,2,8,11,0
71,2,9,2,1
71,2,10,4,0
71,2,11,13,1
71,2,12,9,1
71,2,13,15,0
71,2,14,14,0
71,2,15,2,0
71,2,16,11,0
71,2,17,9,0
71,2,18,13,0
71,2,19,5,1
71,2,20,1,1
72,1,1,9,0
72,1,2,11,0
72,1,3,25,0
72,1,4,18,0
72,1,5,11,0
72,1,6,6,0
72,1,7,16,0
72,1,8,29,1
72,1,9,4,0
72,1,10,7,0
72,1,11,15,1
72,1,12,17,0
72,1,13,12,0
72,1,14,12,1
72,1,15,15,0
72,1,16,7,1
72,1,17,6,1
72,1,18,13,0
72,1,19,5,2
72,1,20,5,1
72,2,1,16,1
72,2,2,19,0
72,2,3,17,1
72,2,4,1,1
72,2,5,9,1
72,2,6,9,0
72,2,7,12,1
72,2,8,13,0
72,2,9,18,0
72,2,10,18,0
72,2,11,6,1
72,2,12,7,1
72,2,13,3,0
72,2,14,5,0
72,2,15,12,1
72,2,16,4,0
72,2,17,16,0
72,2,18,6,1
72,2,19,4,0
72,2,20,1,1
73,1,1,3,1
73,1,2,10,1
73,1,3,21,0
73,1,4,11,0
73,1,5,9,0
73,1,6,16,0
73,1,7,6,0
73,1,8,6,0
73,1,9,18,0
73,1,10,3,1
73,1,11,6,0
73,1,12,2,1
73,1,13,9,1
73,1,14,9,0
73,1,15,9,0
73,1,16,16,0
73,1,17,17,0
73,1,18,5,1
73,1,19,11,0
73,1,20,27,0
73,2,1,19,0
73,2,2,12,0
73,2,3,10,0
73,2,4,11,0
73,2,5,7,0
73,2,6,10,0
73,2,7,10,0
73,2,8,12,0
73,2,9,17,0
73,2,10,19,0
73,2,11,17,0
73,2,12,12,0
73,2,13,13,1
73,2,14,9,0
73,2,15,4,1
73,2,16,7,0
73,2,17,12,0
73,2,18,4,1
73,2,19,14,0
74,1,1,13,0
74,1,2,5,0
74,1,3,6,1
74,1,4,6,1
74,1,5,9,0
74,1,6,6,0
74,1,7,5,0
74,1,8,5,1
74,1,9,4,0
74,1,10,4,0
74,1,11,4,0
74,1,12,6,0
74,1,13,10,1
74,1,14,16,0
74,1,15,6,1
74,1,16,10,0
74,1,17,6,1
74,1,18,16,0
74,1,19,8,1
74,1,20,10,1
74,2,1,5,0
74,2,2,18,0
74,2,3,13,0
74,2,4,19,0
74,2,5,8,1
74,2,6,7,1
74,2,7,11,0
74,2,8,7,0
74,2,9,3,2
74,2,10,9,0
74,2,11,9,0
74,2,12,7,0
74,2,13,10,0
74,2,14,6,1
74,2,15,7,0
74,2,16,6,0
74,2,17,3,0
74,2,18,13,0
