match_no,innings,wkt,p1,p2,runs,balls
1,1,1,Abhishek Sharma,Travis Head,18,13
1,1,2,Ishan Kishan,Travis Head,5,5
1,1,3,Ishan Kishan,Nitish Kumar Reddy,6,8
1,1,4,Heinrich Klaasen,Ishan Kishan,97,53
1,1,5,Ishan Kishan,Salil Arora,11,8
1,1,6,Aniket Verma,Ishan Kishan,18,9
1,1,7,Aniket Verma,Harsh Dubey,12,6
1,1,8,Aniket Verma,Harshal Patel,7,5
1,1,9,Aniket Verma,David Payne,18,7
1,1,10,David Payne,Jaydev Unadkat,9,6
1,2,1,Phil Salt,Virat Kohli,9,7
1,2,2,Devdutt Padikkal,Virat Kohli,101,45
1,2,3,Rajat Patidar,Virat Kohli,53,22
1,2,4,Jitesh Sharma,Virat Kohli,0,1
1,2,5,Tim David,Virat Kohli,40,19
2,1,1,Ajinkya Rahane,Finn Allen,69,32
2,1,2,Ajinkya Rahane,Cameron Green,40,21
2,1,3,Angkrish Raghuvanshi,Ajinkya Rahane,36,28
2,1,4,Angkrish Raghuvanshi,Rinku Singh,60,30
2,1,5,Rinku Singh,Ramandeep Singh,15,9
2,2,1,Ryan Rickelton,Rohit Sharma,148,71
2,2,2,Ryan Rickelton,Suryakumar Yadav,31,15
2,2,3,Ryan Rickelton,Tilak Varma,5,6
2,2,4,Hardik Pandya,Tilak Varma,31,20
2,2,5,Hardik Pandya,Naman Dhir,9,3
3,1,1,Ruturaj Gaikwad,Sanju Samson,14,12
3,1,2,Ayush Mhatre,Ruturaj Gaikwad,5,6
3,1,3,Ayush Mhatre,Matthew Short,0,1
3,1,4,Matthew Short,Sarfaraz Khan,19,14
3,1,5,Kartik Sharma,Sarfaraz Khan,13,11
3,1,6,Kartik Sharma,Shivam Dube,6,4
3,1,7,Jamie Overton,Kartik Sharma,17,15
3,1,8,Jamie Overton,Noor Ahmad,8,14
3,1,9,Jamie Overton,Matt Henry,12,16
3,1,10,Anshul Kamboj,Jamie Overton,33,25
3,2,1,Vaibhav Sooryavanshi,Yashasvi Jaiswal,75,38
3,2,2,Dhruv Jurel,Yashasvi Jaiswal,24,13
3,2,3,Riyan Parag,Yashasvi Jaiswal,29,22
4,1,1,Sai Sudharsan,Shubman Gill,37,22
4,1,2,Jos Buttler,Shubman Gill,46,35
4,1,3,Glenn Phillips,Jos Buttler,36,27
4,1,4,Jos Buttler,Washington Sundar,10,10
4,1,5,M Shahrukh Khan,Washington Sundar,15,15
4,1,6,M Shahrukh Khan,Rahul Tewatia,6,5
4,1,7,Rahul Tewatia,Rashid Khan,12,6
4,2,1,Prabhsimran Singh,Priyansh Arya,7,8
4,2,2,Cooper Connolly,Prabhsimran Singh,76,49
4,2,3,Cooper Connolly,Shreyas Iyer,27,16
4,2,4,Cooper Connolly,Nehal Wadhera,3,6
4,2,5,Cooper Connolly,Shashank Singh,5,7
4,2,6,Cooper Connolly,Marcus Stoinis,0,2
4,2,7,Cooper Connolly,Marco Jansen,26,18
4,2,8,Cooper Connolly,Xavier Bartlett,21,9
5,1,1,Mitchell Marsh,Rishabh Pant,19,18
5,1,2,Aiden Markram,Mitchell Marsh,29,17
5,1,3,Ayush Badoni,Mitchell Marsh,1,4
5,1,4,Mitchell Marsh,Nicholas Pooran,16,14
5,1,5,Abdul Samad,Mitchell Marsh,6,4
5,1,6,Abdul Samad,Mukul Choudhary,34,22
5,1,7,Abdul Samad,Shahbaz Ahmed,33,26
5,1,8,Mohammed Shami,Shahbaz Ahmed,2,3
5,1,9,Anrich Nortje,Shahbaz Ahmed,1,3
5,1,10,Mohsin Khan,Shahbaz Ahmed,0,1
5,2,1,KL Rahul,Pathum Nissanka,0,1
5,2,2,Nitish Rana,Pathum Nissanka,21,20
5,2,3,Pathum Nissanka,Sameer Rizvi,4,5
5,2,4,Axar Patel,Sameer Rizvi,1,1
5,2,5,Sameer Rizvi,Tristan Stubbs,119,76
6,1,1,Abhishek Sharma,Travis Head,82,34
6,1,2,Abhishek Sharma,Ishan Kishan,29,16
6,1,3,Abhishek Sharma,Heinrich Klaasen,1,2
6,1,4,Aniket Verma,Heinrich Klaasen,6,4
6,1,5,Heinrich Klaasen,Nitish Kumar Reddy,82,53
6,1,6,Heinrich Klaasen,Salil Arora,0,1
6,1,7,Heinrich Klaasen,Harsh Dubey,22,8
6,1,8,Harsh Dubey,Shivang Kumar,4,2
6,2,1,Ajinkya Rahane,Finn Allen,30,9
6,2,2,Angkrish Raghuvanshi,Ajinkya Rahane,37,21
6,2,3,Angkrish Raghuvanshi,Cameron Green,7,6
6,2,4,Angkrish Raghuvanshi,Rinku Singh,46,30
6,2,5,Anukul Roy,Rinku Singh,0,2
6,2,6,Rinku Singh,Ramandeep Singh,19,14
6,2,7,Ramandeep Singh,Sunil Narine,15,5
6,2,8,Kartik Tyagi,Ramandeep Singh,5,3
6,2,9,Kartik Tyagi,Vaibhav Arora,2,5
6,2,10,Varun Chakravarthy,Vaibhav Arora,0,1
7,1,1,Ruturaj Gaikwad,Sanju Samson,14,12
7,1,2,Ayush Mhatre,Ruturaj Gaikwad,96,55
7,1,3,Ayush Mhatre,Shivam Dube,13,8
7,1,4,Kartik Sharma,Shivam Dube,7,7
7,1,5,Shivam Dube,Sarfaraz Khan,38,18
7,1,6,Prashant Veer,Shivam Dube,41,20
7,2,1,Prabhsimran Singh,Priyansh Arya,61,26
7,2,2,Cooper Connolly,Prabhsimran Singh,34,27
7,2,3,Cooper Connolly,Shreyas Iyer,32,18
7,2,4,Nehal Wadhera,Shreyas Iyer,59,31
7,2,5,Nehal Wadhera,Shashank Singh,0,1
7,2,6,Marcus Stoinis,Shashank Singh,24,9
8,1,1,Ryan Rickelton,Rohit Sharma,18,15
8,1,2,Rohit Sharma,Tilak Varma,0,2
8,1,3,Rohit Sharma,Suryakumar Yadav,53,40
8,1,4,Suryakumar Yadav,Sherfane Rutherford,14,14
8,1,5,Naman Dhir,Suryakumar Yadav,37,22
8,1,6,Mitchell Santner,Naman Dhir,24,19
8,1,7,Corbin Bosch,Mitchell Santner,16,8
8,2,1,KL Rahul,Pathum Nissanka,2,4
8,2,2,Nitish Rana,Pathum Nissanka,5,6
8,2,3,Pathum Nissanka,Sameer Rizvi,66,49
8,2,4,David Miller,Sameer Rizvi,78,39
8,2,5,David Miller,Tristan Stubbs,13,11
9,1,1,Vaibhav Sooryavanshi,Yashasvi Jaiswal,70,38
9,1,2,Dhruv Jurel,Yashasvi Jaiswal,56,37
9,1,3,Dhruv Jurel,Riyan Parag,9,5
9,1,4,Dhruv Jurel,Shimron Hetmyer,30,13
9,1,5,Donovan Ferreira,Dhruv Jurel,1,4
9,1,6,Dhruv Jurel,Ravindra Jadeja,39,20
9,1,7,Jofra Archer,Ravindra Jadeja,5,3
9,2,1,Sai Sudharsan,Kumar Kushagra,78,48
9,2,2,Sai Sudharsan,Jos Buttler,29,16
9,2,3,Glenn Phillips,Jos Buttler,20,9
9,2,4,Jos Buttler,Washington Sundar,4,2
9,2,5,Jos Buttler,Rahul Tewatia,2,4
9,2,6,M Shahrukh Khan,Rahul Tewatia,22,8
9,2,7,M Shahrukh Khan,Rashid Khan,6,2
9,2,8,Kagiso Rabada,Rashid Khan,43,30
9,2,9,Ashok Sharma,Kagiso Rabada,0,1
10,1,1,Abhishek Sharma,Travis Head,1,6
10,1,2,Ishan Kishan,Travis Head,7,7
10,1,3,Ishan Kishan,Liam Livingstone,3,8
10,1,4,Heinrich Klaasen,Liam Livingstone,15,22
10,1,5,Heinrich Klaasen,Nitish Kumar Reddy,116,63
10,1,6,Aniket Verma,Heinrich Klaasen,2,3
10,1,7,Aniket Verma,Harsh Dubey,0,1
10,1,8,Aniket Verma,Shivang Kumar,7,7
10,1,9,Aniket Verma,Harshal Patel,5,3
10,2,1,Aiden Markram,Mitchell Marsh,37,28
10,2,2,Aiden Markram,Rishabh Pant,40,28
10,2,3,Ayush Badoni,Rishabh Pant,25,17
10,2,4,Nicholas Pooran,Rishabh Pant,3,6
10,2,5,Abdul Samad,Rishabh Pant,34,27
10,2,6,Mukul Choudhary,Rishabh Pant,21,13
11,1,1,Phil Salt,Virat Kohli,37,27
11,1,2,Devdutt Padikkal,Phil Salt,56,37
11,1,3,Devdutt Padikkal,Rajat Patidar,58,21
11,1,4,Rajat Patidar,Tim David,99,35
11,2,1,Ruturaj Gaikwad,Sanju Samson,9,5
11,2,2,Ayush Mhatre,Sanju Samson,1,3
11,2,3,Sarfaraz Khan,Sanju Samson,20,9
11,2,4,Kartik Sharma,Sarfaraz Khan,47,20
11,2,5,Kartik Sharma,Shivam Dube,7,4
11,2,6,Prashant Veer,Shivam Dube,24,18
11,2,7,Jamie Overton,Prashant Veer,57,32
11,2,8,Anshul Kamboj,Jamie Overton,13,6
11,2,9,Anshul Kamboj,Noor Ahmad,12,11
11,2,10,Anshul Kamboj,Matt Henry,17,10
12,1,1,Ajinkya Rahane,Finn Allen,12,10
12,1,2,Ajinkya Rahane,Cameron Green,4,2
12,1,3,Angkrish Raghuvanshi,Ajinkya Rahane,9,10
13,1,1,Vaibhav Sooryavanshi,Yashasvi Jaiswal,80,30
13,1,2,Dhruv Jurel,Yashasvi Jaiswal,4,4
13,1,3,Riyan Parag,Yashasvi Jaiswal,37,19
13,1,4,Shimron Hetmyer,Yashasvi Jaiswal,29,13
13,2,1,Ryan Rickelton,Rohit Sharma,10,6
13,2,2,Rohit Sharma,Suryakumar Yadav,10,4
13,2,3,Rohit Sharma,Tilak Varma,2,5
13,2,4,Hardik Pandya,Tilak Varma,19,12
13,2,5,Naman Dhir,Tilak Varma,5,3
13,2,6,Naman Dhir,Sherfane Rutherford,47,17
13,2,7,Naman Dhir,Shardul Thakur,10,6
13,2,8,Deepak Chahar,Shardul Thakur,8,5
13,2,9,Deepak Chahar,Trent Boult,5,3
13,2,10,Deepak Chahar,Jasprit Bumrah,7,5
14,1,1,Sai Sudharsan,Shubman Gill,19,13
14,1,2,Jos Buttler,Shubman Gill,60,32
14,1,3,Shubman Gill,Washington Sundar,104,60
14,1,4,Glenn Phillips,Washington Sundar,22,12
14,1,5,Glenn Phillips,Rahul Tewatia,5,3
14,2,1,KL Rahul,Pathum Nissanka,76,49
14,2,2,KL Rahul,Nitish Rana,25,10
14,2,3,KL Rahul,Sameer Rizvi,0,1
14,2,4,Axar Patel,KL Rahul,33,24
14,2,5,KL Rahul,Tristan Stubbs,26,16
14,2,6,KL Rahul,Vipraj Nigam,6,2
14,2,7,David Miller,Vipraj Nigam,36,14
14,2,8,David Miller,Kuldeep Yadav,7,4
15,1,1,Ajinkya Rahane,Finn Allen,15,10
15,1,2,Angkrish Raghuvanshi,Ajinkya Rahane,84,52
15,1,3,Angkrish Raghuvanshi,Cameron Green,6,8
15,1,4,Cameron Green,Rinku Singh,6,10
15,1,5,Cameron Green,Rovman Powell,70,40
15,2,1,Aiden Markram,Mitchell Marsh,41,25
15,2,2,Mitchell Marsh,Rishabh Pant,1,2
15,2,3,Ayush Badoni,Rishabh Pant,31,23
15,2,4,Ayush Badoni,Nicholas Pooran,22,20
15,2,5,Ayush Badoni,Abdul Samad,9,7
15,2,6,Ayush Badoni,Mukul Choudhary,21,11
15,2,7,Mukul Choudhary,Mohammed Shami,3,8
15,2,8,Avesh Khan,Mukul Choudhary,54,24
16,1,1,Phil Salt,Virat Kohli,0,1
16,1,2,Devdutt Padikkal,Virat Kohli,45,17
16,1,3,Rajat Patidar,Virat Kohli,13,11
16,1,4,Krunal Pandya,Rajat Patidar,4,9
16,1,5,Jitesh Sharma,Rajat Patidar,14,14
16,1,6,Rajat Patidar,Tim David,18,14
16,1,7,Romario Shepherd,Rajat Patidar,31,18
16,1,8,Rajat Patidar,Venkatesh Iyer,41,19
16,1,9,Bhuvneshwar Kumar,Venkatesh Iyer,35,17
16,2,1,Vaibhav Sooryavanshi,Yashasvi Jaiswal,21,12
16,2,2,Dhruv Jurel,Vaibhav Sooryavanshi,108,37
16,2,3,Dhruv Jurel,Shimron Hetmyer,0,1
16,2,4,Dhruv Jurel,Riyan Parag,5,8
16,2,5,Dhruv Jurel,Ravindra Jadeja,68,50
17,1,1,Abhishek Sharma,Travis Head,120,49
17,1,2,Abhishek Sharma,Ishan Kishan,2,2
17,1,3,Heinrich Klaasen,Ishan Kishan,47,33
17,1,4,Aniket Verma,Heinrich Klaasen,26,16
17,1,5,Heinrich Klaasen,Salil Arora,19,13
17,1,6,Heinrich Klaasen,Nitish Kumar Reddy,4,5
17,1,7,Harsh Dubey,Nitish Kumar Reddy,1,2
17,2,1,Prabhsimran Singh,Priyansh Arya,99,38
17,2,2,Cooper Connolly,Prabhsimran Singh,18,15
17,2,3,Cooper Connolly,Shreyas Iyer,11,9
17,2,4,Nehal Wadhera,Shreyas Iyer,69,35
17,2,5,Shreyas Iyer,Shashank Singh,26,16
18,1,1,Ruturaj Gaikwad,Sanju Samson,62,38
18,1,2,Ayush Mhatre,Sanju Samson,113,67
18,1,3,Shivam Dube,Sanju Samson,37,15
18,2,1,KL Rahul,Pathum Nissanka,61,30
18,2,2,Pathum Nissanka,Sameer Rizvi,0,2
18,2,3,Axar Patel,Sameer Rizvi,5,5
18,2,4,David Miller,Sameer Rizvi,10,11
18,2,5,David Miller,Tristan Stubbs,45,26
18,2,6,Ashutosh Sharma,Tristan Stubbs,28,15
18,2,7,Auqib Nabi,Tristan Stubbs,5,5
18,2,8,Kuldeep Yadav,Tristan Stubbs,29,17
18,2,9,Kuldeep Yadav,Lungi Ngidi,2,4
18,2,10,Lungi Ngidi,T Natarajan,4,5
19,1,1,Aiden Markram,Mitchell Marsh,14,9
19,1,2,Aiden Markram,Rishabh Pant,31,16
19,1,3,Ayush Badoni,Aiden Markram,24,17
19,1,4,Ayush Badoni,Nicholas Pooran,5,8
19,1,5,Abdul Samad,Nicholas Pooran,35,37
19,1,6,Abdul Samad,Mukul Choudhary,9,11
19,1,7,GF Linde,Mukul Choudhary,13,11
19,1,8,GF Linde,Mohammed Shami,26,9
19,1,9,Avesh Khan,Mohammed Shami,7,2
19,2,1,Sai Sudharsan,Shubman Gill,45,31
19,2,2,Jos Buttler,Shubman Gill,84,58
19,2,3,Jos Buttler,Washington Sundar,6,5
19,2,4,Rahul Tewatia,Washington Sundar,30,18
20,1,1,Phil Salt,Virat Kohli,120,65
20,1,2,Rajat Patidar,Virat Kohli,65,23
20,1,3,Rajat Patidar,Tim David,9,8
20,1,4,Jitesh Sharma,Tim David,37,20
20,1,5,Romario Shepherd,Tim David,9,4
20,2,1,Ryan Rickelton,Suryakumar Yadav,72,43
20,2,2,Suryakumar Yadav,Tilak Varma,2,4
20,2,3,Hardik Pandya,Suryakumar Yadav,47,27
20,2,4,Hardik Pandya,Sherfane Rutherford,24,14
20,2,5,Naman Dhir,Sherfane Rutherford,9,5
20,2,6,Mitchell Santner,Sherfane Rutherford,68,27
21,1,1,Abhishek Sharma,Travis Head,0,1
21,1,2,Ishan Kishan,Travis Head,55,40
21,1,3,Heinrich Klaasen,Ishan Kishan,88,39
21,1,4,Heinrich Klaasen,Nitish Kumar Reddy,19,15
21,1,5,Nitish Kumar Reddy,Salil Arora,33,16
21,1,6,Aniket Verma,Salil Arora,14,7
21,1,7,Harsh Dubey,Salil Arora,7,2
21,2,1,Vaibhav Sooryavanshi,Yashasvi Jaiswal,1,2
21,2,2,Dhruv Jurel,Yashasvi Jaiswal,0,2
21,2,3,Lhuan-dre Pretorius,Yashasvi Jaiswal,0,2
21,2,4,Riyan Parag,Yashasvi Jaiswal,1,4
21,2,5,Riyan Parag,Ravindra Jadeja,7,8
21,2,6,Donovan Ferreira,Ravindra Jadeja,118,72
21,2,7,Jofra Archer,Ravindra Jadeja,2,3
21,2,8,Jofra Archer,Tushar Deshpande,11,8
21,2,9,Ravi Bishnoi,Tushar Deshpande,0,1
21,2,10,Nandre Burger,Tushar Deshpande,19,12
22,1,1,Ruturaj Gaikwad,Sanju Samson,25,14
22,1,2,Ayush Mhatre,Sanju Samson,47,22
22,1,3,Dewald Brevis,Sanju Samson,39,32
22,1,4,Dewald Brevis,Sarfaraz Khan,51,29
22,1,5,Dewald Brevis,Shivam Dube,9,8
22,1,6,Jamie Overton,Shivam Dube,21,15
22,2,1,Finn Allen,Sunil Narine,13,10
22,2,2,Ajinkya Rahane,Sunil Narine,16,16
22,2,3,Angkrish Raghuvanshi,Ajinkya Rahane,50,31
22,2,4,Ajinkya Rahane,Rinku Singh,6,8
22,2,5,Cameron Green,Rinku Singh,0,1
22,2,6,Rovman Powell,Rinku Singh,5,11
22,2,7,Rovman Powell,Ramandeep Singh,63,40
22,2,8,Anukul Roy,Rovman Powell,7,3
23,1,1,Aiden Markram,Mitchell Marsh,32,24
23,1,2,Mitchell Marsh,Nicholas Pooran,3,13
23,1,3,Ayush Badoni,Mitchell Marsh,36,22
23,1,4,Ayush Badoni,Abdul Samad,12,9
23,1,5,Ayush Badoni,Mukul Choudhary,35,27
23,1,6,Mukul Choudhary,Rishabh Pant,6,6
23,1,7,GF Linde,Mukul Choudhary,13,10
23,1,8,Mukul Choudhary,Mohammed Shami,0,1
23,1,9,Avesh Khan,Mukul Choudhary,8,4
23,1,10,Avesh Khan,Digvesh Rathi,1,4
23,2,1,Phil Salt,Virat Kohli,9,10
23,2,2,Devdutt Padikkal,Virat Kohli,57,34
23,2,3,Rajat Patidar,Virat Kohli,20,17
23,2,4,Jitesh Sharma,Rajat Patidar,35,13
23,2,5,Jitesh Sharma,Tim David,1,2
23,2,6,Romario Shepherd,Tim David,27,15
24,1,1,Quinton de Kock,Ryan Rickelton,12,13
24,1,2,Quinton de Kock,Suryakumar Yadav,0,1
24,1,3,Naman Dhir,Quinton de Kock,122,68
24,1,4,Hardik Pandya,Quinton de Kock,41,23
24,1,5,Quinton de Kock,Sherfane Rutherford,7,8
24,1,6,Quinton de Kock,Tilak Varma,11,6
24,1,7,Mayank Rawat,Quinton de Kock,2,1
24,2,1,Prabhsimran Singh,Priyansh Arya,27,14
24,2,2,Cooper Connolly,Prabhsimran Singh,18,13
24,2,3,Prabhsimran Singh,Shreyas Iyer,139,66
24,2,4,Marcus Stoinis,Prabhsimran Singh,14,6
25,1,1,Ajinkya Rahane,Tim Seifert,5,4
25,1,2,Angkrish Raghuvanshi,Tim Seifert,16,8
25,1,3,Cameron Green,Tim Seifert,11,12
25,1,4,Cameron Green,Rovman Powell,55,42
25,1,5,Anukul Roy,Cameron Green,60,23
25,1,6,Cameron Green,Rinku Singh,1,2
25,1,7,Cameron Green,Ramandeep Singh,17,8
25,1,8,Cameron Green,Sunil Narine,1,6
25,1,9,Cameron Green,Kartik Tyagi,7,5
25,1,10,Cameron Green,Vaibhav Arora,7,10
25,2,1,Sai Sudharsan,Shubman Gill,57,31
25,2,2,Jos Buttler,Shubman Gill,38,24
25,2,3,Shubman Gill,Washington Sundar,46,32
25,2,4,Glenn Phillips,Shubman Gill,17,15
25,2,5,Glenn Phillips,Rahul Tewatia,19,13
25,2,6,M Shahrukh Khan,Rahul Tewatia,4,3
26,1,1,Phil Salt,Virat Kohli,52,31
26,1,2,Devdutt Padikkal,Phil Salt,47,29
26,1,3,Phil Salt,Rajat Patidar,6,4
26,1,4,Rajat Patidar,Tim David,26,12
26,1,5,Jitesh Sharma,Tim David,15,16
26,1,6,Jitesh Sharma,Romario Shepherd,3,7
26,1,7,Jitesh Sharma,Krunal Pandya,23,17
26,1,8,Jitesh Sharma,Rasikh Salam,0,2
26,1,9,Bhuvneshwar Kumar,Rasikh Salam,3,2
26,2,1,KL Rahul,Pathum Nissanka,2,4
26,2,2,Karun Nair,KL Rahul,14,10
26,2,3,KL Rahul,Sameer Rizvi,2,3
26,2,4,KL Rahul,Tristan Stubbs,69,44
26,2,5,David Miller,Tristan Stubbs,92,58
27,1,1,Abhishek Sharma,Travis Head,75,35
27,1,2,Abhishek Sharma,Ishan Kishan,0,1
27,1,3,Abhishek Sharma,Heinrich Klaasen,18,12
27,1,4,Aniket Verma,Heinrich Klaasen,19,13
27,1,5,Heinrich Klaasen,Nitish Kumar Reddy,35,22
27,1,6,Heinrich Klaasen,Salil Arora,30,21
27,1,7,Liam Livingstone,Salil Arora,2,5
27,1,8,Liam Livingstone,Shivang Kumar,14,9
27,1,9,Liam Livingstone,PP Hinge,1,2
27,2,1,Ruturaj Gaikwad,Sanju Samson,15,7
27,2,2,Ayush Mhatre,Ruturaj Gaikwad,51,21
27,2,3,Matthew Short,Ruturaj Gaikwad,0,3
27,2,4,Matthew Short,Sarfaraz Khan,46,33
27,2,5,Dewald Brevis,Matthew Short,1,6
27,2,6,Matthew Short,Shivam Dube,35,24
27,2,7,Jamie Overton,Shivam Dube,6,7
27,2,8,Anshul Kamboj,Jamie Overton,28,17
27,2,9,Anshul Kamboj,Noor Ahmad,2,2
28,1,1,Vaibhav Sooryavanshi,Yashasvi Jaiswal,81,52
28,1,2,Dhruv Jurel,Yashasvi Jaiswal,16,11
28,1,3,Riyan Parag,Yashasvi Jaiswal,2,5
28,1,4,Riyan Parag,Shimron Hetmyer,18,20
28,1,5,Donovan Ferreira,Shimron Hetmyer,7,8
28,1,6,Ravindra Jadeja,Shimron Hetmyer,20,13
28,1,7,Jofra Archer,Shimron Hetmyer,2,2
28,1,8,Jofra Archer,Ravi Bishnoi,0,2
28,1,9,Brijesh Sharma,Jofra Archer,9,7
28,2,1,Ajinkya Rahane,Tim Seifert,0,1
28,2,2,Angkrish Raghuvanshi,Ajinkya Rahane,5,7
28,2,3,Angkrish Raghuvanshi,Cameron Green,32,19
28,2,4,Angkrish Raghuvanshi,Rovman Powell,15,15
28,2,5,Rovman Powell,Rinku Singh,18,19
28,2,6,Rinku Singh,Ramandeep Singh,15,20
28,2,7,Anukul Roy,Rinku Singh,76,37
29,1,1,Prabhsimran Singh,Priyansh Arya,3,3
29,1,2,Cooper Connolly,Priyansh Arya,182,80
29,1,3,Priyansh Arya,Shreyas Iyer,2,3
29,1,4,Marcus Stoinis,Shreyas Iyer,6,6
29,1,5,Marcus Stoinis,Nehal Wadhera,15,9
29,1,6,Marcus Stoinis,Shashank Singh,44,17
29,1,7,Marco Jansen,Marcus Stoinis,2,2
29,2,1,Ayush Badoni,Mitchell Marsh,61,36
29,2,2,Mitchell Marsh,Rishabh Pant,48,31
29,2,3,Nicholas Pooran,Rishabh Pant,19,9
29,2,4,Aiden Markram,Nicholas Pooran,11,10
29,2,5,Aiden Markram,Mukul Choudhary,60,33
29,2,6,Himmat Singh,Mukul Choudhary,1,1
30,1,1,DV Malewar,Quinton de Kock,10,11
30,1,2,Naman Dhir,Quinton de Kock,15,10
30,1,3,Naman Dhir,Suryakumar Yadav,19,14
30,1,4,Naman Dhir,Tilak Varma,52,40
30,1,5,Hardik Pandya,Tilak Varma,81,38
30,1,6,Sherfane Rutherford,Tilak Varma,22,7
30,2,1,Sai Sudharsan,Shubman Gill,0,1
30,2,2,Jos Buttler,Shubman Gill,5,7
30,2,3,Shubman Gill,Washington Sundar,35,20
30,2,4,Glenn Phillips,Washington Sundar,14,16
30,2,5,Glenn Phillips,Rahul Tewatia,1,2
30,2,6,M Shahrukh Khan,Rahul Tewatia,24,20
30,2,7,M Shahrukh Khan,Rashid Khan,6,8
30,2,8,Kagiso Rabada,M Shahrukh Khan,1,4
30,2,9,Ashok Sharma,Kagiso Rabada,13,14
30,2,10,Ashok Sharma,Mohammed Siraj,1,3
31,1,1,Abhishek Sharma,Travis Head,97,53
31,1,2,Abhishek Sharma,Ishan Kishan,79,35
31,1,3,Abhishek Sharma,Heinrich Klaasen,66,32
31,2,1,KL Rahul,Pathum Nissanka,21,13
31,2,2,KL Rahul,Nitish Rana,86,45
31,2,3,Nitish Rana,Sameer Rizvi,0,3
31,2,4,David Miller,Sameer Rizvi,0,1
31,2,5,Sameer Rizvi,Tristan Stubbs,59,33
31,2,6,Ashutosh Sharma,Sameer Rizvi,20,13
31,2,7,Axar Patel,Sameer Rizvi,6,7
31,2,8,Kuldeep Yadav,Sameer Rizvi,3,4
31,2,9,Kuldeep Yadav,Lungi Ngidi,0,1
32,1,1,Vaibhav Sooryavanshi,Yashasvi Jaiswal,32,17
32,1,2,Dhruv Jurel,Vaibhav Sooryavanshi,0,1
32,1,3,Riyan Parag,Vaibhav Sooryavanshi,0,6
32,1,4,Riyan Parag,Shimron Hetmyer,30,30
32,1,5,Ravindra Jadeja,Shimron Hetmyer,15,8
32,1,6,Donovan Ferreira,Ravindra Jadeja,33,33
32,1,7,Ravindra Jadeja,Shubham Dubey,49,25
32,2,1,Ayush Badoni,Mitchell Marsh,9,6
32,2,2,Mitchell Marsh,Rishabh Pant,1,4
32,2,3,Aiden Markram,Mitchell Marsh,1,7
32,2,4,Mitchell Marsh,Nicholas Pooran,43,41
32,2,5,Himmat Singh,Mitchell Marsh,37,29
32,2,6,Mukul Choudhary,Mitchell Marsh,14,6
32,2,7,Mukul Choudhary,Mohammed Shami,6,4
32,2,8,Mayank Yadav,Mohammed Shami,2,2
32,2,9,Digvesh Rathi,Mayank Yadav,6,6
32,2,10,Digvesh Rathi,Mohsin Khan,0,3
33,1,1,Ruturaj Gaikwad,Sanju Samson,32,18
33,1,2,Sarfaraz Khan,Sanju Samson,40,16
33,1,3,Shivam Dube,Sanju Samson,19,15
33,1,4,Dewald Brevis,Sanju Samson,31,17
33,1,5,Kartik Sharma,Sanju Samson,43,35
33,1,6,Jamie Overton,Sanju Samson,16,7
33,1,7,Akeal Hosein,Sanju Samson,26,12
33,2,1,DV Malewar,Quinton de Kock,7,6
33,2,2,Naman Dhir,Quinton de Kock,0,5
33,2,3,Naman Dhir,Suryakumar Yadav,4,4
33,2,4,Suryakumar Yadav,Tilak Varma,73,56
33,2,5,Hardik Pandya,Suryakumar Yadav,1,2
33,2,6,Suryakumar Yadav,Sherfane Rutherford,0,1
33,2,7,Suryakumar Yadav,Shardul Thakur,2,5
33,2,8,Krish Bhagat,Shardul Thakur,13,23
33,2,9,Ashwani Kumar,Shardul Thakur,0,1
33,2,10,Ashwani Kumar,Jasprit Bumrah,4,11
34,1,1,Sai Sudharsan,Shubman Gill,128,76
34,1,2,Sai Sudharsan,Jos Buttler,32,17
34,1,3,Jos Buttler,Washington Sundar,17,13
34,1,4,Jason Holder,Washington Sundar,28,14
34,2,1,Jacob Bethell,Virat Kohli,26,18
34,2,2,Devdutt Padikkal,Virat Kohli,115,59
34,2,3,Rajat Patidar,Virat Kohli,13,5
34,2,4,Jitesh Sharma,Rajat Patidar,17,8
34,2,5,Rajat Patidar,Tim David,2,3
34,2,6,Krunal Pandya,Tim David,33,20
35,1,1,KL Rahul,Pathum Nissanka,28,16
35,1,2,KL Rahul,Nitish Rana,220,95
35,1,3,David Miller,KL Rahul,16,9
35,2,1,Prabhsimran Singh,Priyansh Arya,126,41
35,2,2,Cooper Connolly,Prabhsimran Singh,6,4
35,2,3,Cooper Connolly,Shreyas Iyer,13,11
35,2,4,Nehal Wadhera,Shreyas Iyer,56,31
35,2,5,Shreyas Iyer,Shashank Singh,64,26
36,1,1,Vaibhav Sooryavanshi,Yashasvi Jaiswal,40,14
36,1,2,Dhruv Jurel,Vaibhav Sooryavanshi,112,62
36,1,3,Riyan Parag,Vaibhav Sooryavanshi,18,7
36,1,4,Donovan Ferreira,Riyan Parag,21,14
36,1,5,Donovan Ferreira,Shimron Hetmyer,23,15
36,1,6,Ravindra Jadeja,Shimron Hetmyer,11,5
36,1,7,Jofra Archer,Ravindra Jadeja,3,3
36,2,1,Abhishek Sharma,Travis Head,7,5
36,2,2,Abhishek Sharma,Ishan Kishan,132,55
36,2,3,Heinrich Klaasen,Ishan Kishan,27,13
36,2,4,Heinrich Klaasen,Nitish Kumar Reddy,53,31
36,2,5,Heinrich Klaasen,Salil Arora,1,4
36,2,6,Aniket Verma,Salil Arora,9,3
37,1,1,Ruturaj Gaikwad,Sanju Samson,21,21
37,1,2,Ruturaj Gaikwad,Urvil Patel,4,3
37,1,3,Ruturaj Gaikwad,Sarfaraz Khan,1,4
37,1,4,Dewald Brevis,Ruturaj Gaikwad,11,22
37,1,5,Ruturaj Gaikwad,Shivam Dube,59,43
37,1,6,Kartik Sharma,Ruturaj Gaikwad,26,14
37,1,7,Jamie Overton,Ruturaj Gaikwad,21,7
37,1,8,Akeal Hosein,Ruturaj Gaikwad,15,6
37,2,1,Sai Sudharsan,Shubman Gill,58,38
37,2,2,Sai Sudharsan,Jos Buttler,97,60
37,2,3,Jos Buttler,Washington Sundar,7,2
38,1,1,Ajinkya Rahane,Tim Seifert,3,12
38,1,2,Angkrish Raghuvanshi,Ajinkya Rahane,13,10
38,1,3,Angkrish Raghuvanshi,Cameron Green,11,8
38,1,4,Cameron Green,Rovman Powell,4,7
38,1,5,Cameron Green,Rinku Singh,42,28
38,1,6,Anukul Roy,Rinku Singh,0,1
38,1,7,Rinku Singh,Ramandeep Singh,20,24
38,1,8,Rinku Singh,Sunil Narine,62,30
38,2,1,Aiden Markram,Mitchell Marsh,8,7
38,2,2,Aiden Markram,Rishabh Pant,57,55
38,2,3,Nicholas Pooran,Rishabh Pant,13,12
38,2,4,Ayush Badoni,Nicholas Pooran,11,10
38,2,5,Ayush Badoni,Mukul Choudhary,4,8
38,2,6,Ayush Badoni,Himmat Singh,27,13
38,2,7,GF Linde,Himmat Singh,9,5
38,2,8,Himmat Singh,Mohammed Shami,19,7
38,2,9,Mohammed Shami,Prince Yadav,7,3
38,3,1,Aiden Markram,Nicholas Pooran,0,1
38,3,2,Aiden Markram,Rishabh Pant,1,2
38,4,1,Rovman Powell,Rinku Singh,4,1
39,1,1,KL Rahul,SU Parakh,0,2
39,1,2,KL Rahul,Nitish Rana,2,5
39,1,3,Nitish Rana,Sameer Rizvi,0,1
39,1,4,Nitish Rana,Tristan Stubbs,5,5
39,1,5,Axar Patel,Nitish Rana,0,3
39,1,6,Abishek Porel,Nitish Rana,1,7
39,1,7,Abishek Porel,David Miller,35,31
39,1,8,Abishek Porel,Kyle Jamieson,19,21
39,1,9,Abishek Porel,Kuldeep Yadav,9,18
39,1,10,Abishek Porel,Dushmantha Chameera,4,6
39,2,1,Jacob Bethell,Virat Kohli,26,17
39,2,2,Devdutt Padikkal,Virat Kohli,51,22
40,1,1,Prabhsimran Singh,Priyansh Arya,37,17
40,1,2,Cooper Connolly,Prabhsimran Singh,59,33
40,1,3,Prabhsimran Singh,Shreyas Iyer,48,34
40,1,4,Marcus Stoinis,Shreyas Iyer,37,24
40,1,5,Marcus Stoinis,Suryansh Shedge,41,12
40,2,1,Vaibhav Sooryavanshi,Yashasvi Jaiswal,51,20
40,2,2,Dhruv Jurel,Yashasvi Jaiswal,54,38
40,2,3,Riyan Parag,Yashasvi Jaiswal,18,10
40,2,4,Donovan Ferreira,Riyan Parag,28,16
40,2,5,Donovan Ferreira,Shubham Dubey,77,32
41,1,1,Ryan Rickelton,Will Jacks,93,43
41,1,2,Ryan Rickelton,Suryakumar Yadav,17,8
41,1,3,Naman Dhir,Ryan Rickelton,55,31
41,1,4,Hardik Pandya,Ryan Rickelton,56,27
41,1,5,Ryan Rickelton,Tilak Varma,11,8
41,1,6,Robin Minz,Ryan Rickelton,11,3
41,2,1,Abhishek Sharma,Travis Head,129,52
41,2,2,Ishan Kishan,Travis Head,0,1
41,2,3,Heinrich Klaasen,Travis Head,4,5
41,2,4,Heinrich Klaasen,Nitish Kumar Reddy,80,40
41,2,5,Heinrich Klaasen,Salil Arora,36,14
42,1,1,Jacob Bethell,Virat Kohli,34,16
42,1,2,Devdutt Padikkal,Virat Kohli,1,4
42,1,3,Devdutt Padikkal,Rajat Patidar,44,26
42,1,4,Devdutt Padikkal,Jitesh Sharma,1,3
42,1,5,Devdutt Padikkal,Tim David,11,9
42,1,6,Devdutt Padikkal,Krunal Pandya,5,5
42,1,7,Devdutt Padikkal,Romario Shepherd,30,21
42,1,8,Romario Shepherd,Venkatesh Iyer,0,1
42,1,9,Bhuvneshwar Kumar,Venkatesh Iyer,29,30
42,1,10,Bhuvneshwar Kumar,Josh Hazlewood,0,1
42,2,1,Sai Sudharsan,Shubman Gill,42,18
42,2,2,Jos Buttler,Shubman Gill,15,12
42,2,3,Jos Buttler,Washington Sundar,35,15
42,2,4,M Shahrukh Khan,Washington Sundar,17,16
42,2,5,Rahul Tewatia,Washington Sundar,2,2
42,2,6,Jason Holder,Rahul Tewatia,30,20
42,2,7,Rahul Tewatia,Rashid Khan,17,12
43,1,1,Vaibhav Sooryavanshi,Yashasvi Jaiswal,6,3
43,1,2,Dhruv Jurel,Vaibhav Sooryavanshi,6,8
43,1,3,Dhruv Jurel,Riyan Parag,102,59
43,1,4,Riyan Parag,Ravindra Jadeja,53,28
43,1,5,Donovan Ferreira,Riyan Parag,1,2
43,1,6,Donovan Ferreira,Shubham Dubey,40,15
43,1,7,Donovan Ferreira,Jofra Archer,17,5
43,2,1,KL Rahul,Pathum Nissanka,110,57
43,2,2,KL Rahul,Nitish Rana,61,30
43,2,3,KL Rahul,Tristan Stubbs,6,5
43,2,4,Ashutosh Sharma,Tristan Stubbs,49,23
44,1,1,Ryan Rickelton,Will Jacks,1,8
44,1,2,Naman Dhir,Ryan Rickelton,58,32
44,1,3,Naman Dhir,Suryakumar Yadav,40,24
44,1,4,Naman Dhir,Tilak Varma,10,13
44,1,5,Hardik Pandya,Naman Dhir,25,24
44,1,6,Hardik Pandya,Robin Minz,5,3
44,1,7,Hardik Pandya,Krish Bhagat,12,13
44,1,8,Krish Bhagat,Trent Boult,8,3
44,2,1,Ruturaj Gaikwad,Sanju Samson,13,12
44,2,2,Ruturaj Gaikwad,Urvil Patel,49,22
44,2,3,Kartik Sharma,Ruturaj Gaikwad,98,75
45,1,1,Abhishek Sharma,Travis Head,44,22
45,1,2,Ishan Kishan,Travis Head,61,32
45,1,3,Heinrich Klaasen,Ishan Kishan,12,10
45,1,4,Ishan Kishan,R Smaran,5,5
45,1,5,Aniket Verma,Ishan Kishan,13,13
45,1,6,Ishan Kishan,Salil Arora,4,9
45,1,7,Ishan Kishan,Pat Cummins,9,5
45,1,8,Pat Cummins,Shivang Kumar,8,6
45,1,9,Harshal Patel,Shivang Kumar,0,1
45,1,10,Eshan Malinga,Harshal Patel,9,11
45,2,1,Ajinkya Rahane,Finn Allen,49,24
45,2,2,Angkrish Raghuvanshi,Ajinkya Rahane,84,66
45,2,3,Angkrish Raghuvanshi,Rinku Singh,18,10
45,2,4,Cameron Green,Rinku Singh,18,10
46,1,1,Prabhsimran Singh,Priyansh Arya,2,2
46,1,2,Cooper Connolly,Prabhsimran Singh,0,1
46,1,3,Prabhsimran Singh,Shreyas Iyer,33,29
46,1,4,Nehal Wadhera,Shreyas Iyer,1,7
46,1,5,Shreyas Iyer,Suryansh Shedge,11,13
46,1,6,Marcus Stoinis,Suryansh Shedge,79,44
46,1,7,Marco Jansen,Marcus Stoinis,15,10
46,1,8,Marco Jansen,Xavier Bartlett,0,1
46,1,9,Marco Jansen,Vijaykumar Vyshak,21,12
46,1,10,Arshdeep Singh,Vijaykumar Vyshak,1,1
46,2,1,Sai Sudharsan,Shubman Gill,16,9
46,2,2,Sai Sudharsan,Jos Buttler,53,40
46,2,3,Sai Sudharsan,Nishant Sindhu,25,20
46,2,4,Sai Sudharsan,Washington Sundar,30,20
46,2,5,Rahul Tewatia,Washington Sundar,16,13
46,2,6,Jason Holder,Washington Sundar,12,11
46,2,7,Arshad Khan,Washington Sundar,15,6
47,1,1,Josh Inglis,Mitchell Marsh,29,15
47,1,2,Mitchell Marsh,Nicholas Pooran,94,34
47,1,3,Mitchell Marsh,Rishabh Pant,2,4
47,1,4,Aiden Markram,Rishabh Pant,23,11
47,1,5,Aiden Markram,Akshat Raghuwanshi,12,9
47,1,6,Aiden Markram,Himmat Singh,68,47
47,2,1,Ryan Rickelton,Rohit Sharma,143,65
47,2,2,Rohit Sharma,Tilak Varma,34,19
47,2,3,Suryakumar Yadav,Tilak Varma,12,9
47,2,4,Naman Dhir,Suryakumar Yadav,24,13
47,2,5,Naman Dhir,Will Jacks,16,6
48,1,1,KL Rahul,Pathum Nissanka,29,24
48,1,2,KL Rahul,Nitish Rana,7,7
48,1,3,Karun Nair,Nitish Rana,16,17
48,1,4,Axar Patel,Nitish Rana,9,9
48,1,5,Axar Patel,Tristan Stubbs,8,9
48,1,6,Sameer Rizvi,Tristan Stubbs,65,47
48,1,7,Ashutosh Sharma,Sameer Rizvi,15,6
48,1,8,Mitchell Starc,Sameer Rizvi,6,1
48,2,1,Ruturaj Gaikwad,Sanju Samson,24,23
48,2,2,Sanju Samson,Urvil Patel,21,16
48,2,3,Kartik Sharma,Sanju Samson,114,66
49,1,1,Abhishek Sharma,Travis Head,54,21
49,1,2,Ishan Kishan,Travis Head,30,19
49,1,3,Heinrich Klaasen,Ishan Kishan,88,48
49,1,4,Heinrich Klaasen,Nitish Kumar Reddy,63,32
49,2,1,Prabhsimran Singh,Priyansh Arya,4,6
49,2,2,Cooper Connolly,Prabhsimran Singh,0,1
49,2,3,Cooper Connolly,Shreyas Iyer,19,13
49,2,4,Cooper Connolly,Marcus Stoinis,40,20
49,2,5,Cooper Connolly,Suryansh Shedge,47,30
49,2,6,Cooper Connolly,Shashank Singh,9,5
49,2,7,Cooper Connolly,Marco Jansen,68,40
49,2,8,Cooper Connolly,Vijaykumar Vyshak,15,5
50,1,1,Arshin Kulkarni,Mitchell Marsh,95,56
50,1,2,Mitchell Marsh,Nicholas Pooran,70,41
50,1,3,Nicholas Pooran,Rishabh Pant,29,13
50,1,4,Aiden Markram,Rishabh Pant,15,4
50,2,1,Jacob Bethell,Virat Kohli,9,5
50,2,2,Devdutt Padikkal,Virat Kohli,0,3
50,2,3,Devdutt Padikkal,Rajat Patidar,95,53
50,2,4,Jitesh Sharma,Rajat Patidar,2,4
50,2,5,Rajat Patidar,Tim David,6,4
50,2,6,Krunal Pandya,Tim David,46,24
50,2,7,Krunal Pandya,Romario Shepherd,45,21
51,1,1,KL Rahul,Pathum Nissanka,49,30
51,1,2,Nitish Rana,Pathum Nissanka,25,18
51,1,3,Pathum Nissanka,Sameer Rizvi,6,11
51,1,4,Pathum Nissanka,Tristan Stubbs,5,2
51,1,5,Axar Patel,Tristan Stubbs,4,4
51,1,6,Axar Patel,Ashutosh Sharma,39,46
51,1,7,Ashutosh Sharma,Vipraj Nigam,12,5
51,1,8,Mitchell Starc,Vipraj Nigam,0,2
51,1,9,Lungi Ngidi,Vipraj Nigam,2,2
51,2,1,Ajinkya Rahane,Finn Allen,29,18
51,2,2,Angkrish Raghuvanshi,Finn Allen,2,4
51,2,3,Cameron Green,Finn Allen,116,64
52,1,1,Sai Sudharsan,Shubman Gill,118,65
52,1,2,Jos Buttler,Shubman Gill,32,15
52,1,3,Shubman Gill,Washington Sundar,35,18
52,1,4,Jason Holder,Washington Sundar,20,11
52,1,5,Rahul Tewatia,Washington Sundar,24,11
52,2,1,Vaibhav Sooryavanshi,Yashasvi Jaiswal,38,17
52,2,2,Dhruv Jurel,Yashasvi Jaiswal,2,4
52,2,3,Dhruv Jurel,Shimron Hetmyer,28,13
52,2,4,Dhruv Jurel,Ravindra Jadeja,19,11
52,2,5,Donovan Ferreira,Ravindra Jadeja,4,2
52,2,6,Ravindra Jadeja,Shubham Dubey,24,23
52,2,7,Dasun Shanaka,Ravindra Jadeja,21,13
52,2,8,Jofra Archer,Dasun Shanaka,5,6
52,2,9,Dasun Shanaka,Tushar Deshpande,10,8
52,2,10,Brijesh Sharma,Tushar Deshpande,1,2
53,1,1,Josh Inglis,Mitchell Marsh,77,31
53,1,2,Josh Inglis,Nicholas Pooran,15,7
53,1,3,Josh Inglis,Rishabh Pant,20,17
53,1,4,Aiden Markram,Rishabh Pant,3,3
53,1,5,Aiden Markram,Akshat Raghuwanshi,15,15
53,1,6,Akshat Raghuwanshi,Shahbaz Ahmed,17,13
53,1,7,Himmat Singh,Shahbaz Ahmed,50,32
53,1,8,Mohammed Shami,Shahbaz Ahmed,0,1
53,1,9,Avesh Khan,Shahbaz Ahmed,6,1
53,2,1,Ruturaj Gaikwad,Sanju Samson,45,22
53,2,2,Ruturaj Gaikwad,Urvil Patel,81,34
53,2,3,Kartik Sharma,Ruturaj Gaikwad,23,21
53,2,4,Dewald Brevis,Kartik Sharma,20,19
53,2,5,Kartik Sharma,Shivam Dube,0,1
53,2,6,Prashant Veer,Shivam Dube,39,19
54,1,1,Ryan Rickelton,Rohit Sharma,4,6
54,1,2,Naman Dhir,Rohit Sharma,24,11
54,1,3,Naman Dhir,Suryakumar Yadav,0,1
54,1,4,Naman Dhir,Tilak Varma,82,57
54,1,5,Tilak Varma,Will Jacks,22,17
54,1,6,Raj Bawa,Tilak Varma,23,16
54,1,7,Corbin Bosch,Raj Bawa,6,6
54,1,8,Corbin Bosch,Deepak Chahar,5,6
54,2,1,Jacob Bethell,Virat Kohli,10,4
54,2,2,Devdutt Padikkal,Jacob Bethell,14,14
54,2,3,Jacob Bethell,Rajat Patidar,15,13
54,2,4,Jacob Bethell,Krunal Pandya,55,42
54,2,5,Jitesh Sharma,Krunal Pandya,37,22
54,2,6,Krunal Pandya,Tim David,0,1
54,2,7,Krunal Pandya,Romario Shepherd,18,12
54,2,8,Romario Shepherd,Rasikh Salam,8,9
54,2,9,Bhuvneshwar Kumar,Rasikh Salam,10,3
55,1,1,Prabhsimran Singh,Priyansh Arya,78,41
55,1,2,Priyansh Arya,Shreyas Iyer,19,13
55,1,3,Cooper Connolly,Shreyas Iyer,83,52
55,1,4,Marcus Stoinis,Shreyas Iyer,7,3
55,1,5,Shreyas Iyer,Shashank Singh,0,1
55,1,6,Shreyas Iyer,Suryansh Shedge,23,10
55,2,1,Abishek Porel,KL Rahul,10,11
55,2,2,KL Rahul,SU Parakh,4,4
55,2,3,SU Parakh,Tristan Stubbs,19,12
55,2,4,Axar Patel,Tristan Stubbs,41,23
55,2,5,Axar Patel,David Miller,64,34
55,2,6,Ashutosh Sharma,David Miller,32,15
55,2,7,Ashutosh Sharma,Madhav Tiwari,35,14
55,2,8,Auqib Nabi,Madhav Tiwari,11,1
56,1,1,Sai Sudharsan,Shubman Gill,15,14
56,1,2,Sai Sudharsan,Jos Buttler,11,17
56,1,3,Sai Sudharsan,Nishant Sindhu,38,26
56,1,4,Sai Sudharsan,Washington Sundar,60,41
56,1,5,Jason Holder,Washington Sundar,40,21
56,1,6,Jason Holder,Rahul Tewatia,4,1
56,2,1,Abhishek Sharma,Travis Head,0,4
56,2,2,Abhishek Sharma,Ishan Kishan,6,6
56,2,3,Ishan Kishan,R Smaran,17,9
56,2,4,Heinrich Klaasen,R Smaran,9,16
56,2,5,Heinrich Klaasen,Salil Arora,24,23
56,2,6,Heinrich Klaasen,Nitish Kumar Reddy,0,3
56,2,7,Nitish Kumar Reddy,Pat Cummins,4,3
56,2,8,Pat Cummins,Shivang Kumar,12,10
56,2,9,Pat Cummins,PP Hinge,10,8
56,2,10,Eshan Malinga,PP Hinge,4,7
57,1,1,Ajinkya Rahane,Finn Allen,23,15
57,1,2,Angkrish Raghuvanshi,Ajinkya Rahane,25,13
57,1,3,Angkrish Raghuvanshi,Cameron Green,68,46
57,1,4,Angkrish Raghuvanshi,Rinku Singh,76,46
57,2,1,Jacob Bethell,Virat Kohli,37,20
57,2,2,Devdutt Padikkal,Virat Kohli,92,59
57,2,3,Rajat Patidar,Virat Kohli,28,17
57,2,4,Tim David,Virat Kohli,23,11
57,2,5,Jitesh Sharma,Virat Kohli,14,8
58,1,1,Prabhsimran Singh,Priyansh Arya,50,33
58,1,2,Cooper Connolly,Prabhsimran Singh,57,35
58,1,3,Cooper Connolly,Shreyas Iyer,4,2
58,1,4,Cooper Connolly,Suryansh Shedge,0,5
58,1,5,Shashank Singh,Suryansh Shedge,12,5
58,1,6,Azmatullah Omarzai,Shashank Singh,12,8
58,1,7,Azmatullah Omarzai,Marco Jansen,5,10
58,1,8,Azmatullah Omarzai,Vishnu Vinod,26,10
58,1,9,Vishnu Vinod,Xavier Bartlett,34,12
58,2,1,Ryan Rickelton,Rohit Sharma,61,39
58,2,2,Naman Dhir,Rohit Sharma,20,14
58,2,3,Rohit Sharma,Tilak Varma,7,4
58,2,4,Sherfane Rutherford,Tilak Varma,61,42
58,2,5,Tilak Varma,Will Jacks,56,20
59,1,1,Ruturaj Gaikwad,Sanju Samson,31,23
59,1,2,Sanju Samson,Urvil Patel,5,10
59,1,3,Kartik Sharma,Urvil Patel,16,11
59,1,4,Dewald Brevis,Kartik Sharma,70,44
59,1,5,Kartik Sharma,Shivam Dube,20,8
59,1,6,Prashant Veer,Shivam Dube,45,24
59,2,1,Josh Inglis,Mitchell Marsh,135,70
59,2,2,Mitchell Marsh,Nicholas Pooran,0,1
59,2,3,Abdul Samad,Nicholas Pooran,9,9
59,2,4,Mukul Choudhary,Nicholas Pooran,44,20
60,1,1,Ajinkya Rahane,Finn Allen,44,27
60,1,2,Angkrish Raghuvanshi,Finn Allen,95,41
60,1,3,Angkrish Raghuvanshi,Cameron Green,108,52
60,2,1,Nishant Sindhu,Shubman Gill,49,25
60,2,2,Jos Buttler,Shubman Gill,128,73
60,2,3,Sai Sudharsan,Jos Buttler,30,15
60,2,4,Sai Sudharsan,Rahul Tewatia,11,7
61,1,1,Jacob Bethell,Virat Kohli,21,14
61,1,2,Devdutt Padikkal,Virat Kohli,76,41
61,1,3,Virat Kohli,Venkatesh Iyer,60,35
61,1,4,Tim David,Venkatesh Iyer,65,30
61,2,1,Prabhsimran Singh,Priyansh Arya,1,3
61,2,2,Cooper Connolly,Prabhsimran Singh,17,14
61,2,3,Cooper Connolly,Shreyas Iyer,1,3
61,2,4,Cooper Connolly,Suryansh Shedge,43,25
61,2,5,Marcus Stoinis,Suryansh Shedge,31,20
61,2,6,Marcus Stoinis,Shashank Singh,67,32
61,2,7,Azmatullah Omarzai,Shashank Singh,34,19
61,2,8,Azmatullah Omarzai,Harpreet Brar,5,4
62,1,1,Vaibhav Sooryavanshi,Yashasvi Jaiswal,19,11
62,1,2,Dhruv Jurel,Vaibhav Sooryavanshi,70,34
62,1,3,Dhruv Jurel,Riyan Parag,72,41
62,1,4,Donovan Ferreira,Dhruv Jurel,0,1
62,1,5,Dhruv Jurel,Ravi Singh,4,2
62,1,6,Dhruv Jurel,Shubham Dubey,8,12
62,1,7,Dhruv Jurel,Dasun Shanaka,14,12
62,1,8,Dhruv Jurel,Jofra Archer,4,5
62,1,9,Adam Milne,Jofra Archer,2,2
62,2,1,Abishek Porel,KL Rahul,105,61
62,2,2,KL Rahul,SU Parakh,17,14
62,2,3,Axar Patel,KL Rahul,11,12
62,2,4,Axar Patel,Tristan Stubbs,20,11
62,2,5,Axar Patel,David Miller,22,11
62,2,6,Axar Patel,Ashutosh Sharma,22,7
63,1,1,Ruturaj Gaikwad,Sanju Samson,31,15
63,1,2,Ruturaj Gaikwad,Urvil Patel,17,12
63,1,3,Kartik Sharma,Ruturaj Gaikwad,42,31
63,1,4,Dewald Brevis,Ruturaj Gaikwad,10,11
63,1,5,Dewald Brevis,Shivam Dube,59,38
63,1,6,Prashant Veer,Shivam Dube,5,4
63,1,7,Akeal Hosein,Prashant Veer,16,9
63,2,1,Abhishek Sharma,Travis Head,18,15
63,2,2,Abhishek Sharma,Ishan Kishan,38,31
63,2,3,Heinrich Klaasen,Ishan Kishan,75,41
63,2,4,Ishan Kishan,Nitish Kumar Reddy,22,16
63,2,5,Ishan Kishan,Salil Arora,22,8
63,2,6,R Smaran,Salil Arora,6,3
64,1,1,Josh Inglis,Mitchell Marsh,109,50
64,1,2,Mitchell Marsh,Nicholas Pooran,42,24
64,1,3,Mitchell Marsh,Rishabh Pant,64,41
64,1,4,Abdul Samad,Mitchell Marsh,5,4
64,1,5,Ayush Badoni,Abdul Samad,0,1
64,2,1,Vaibhav Sooryavanshi,Yashasvi Jaiswal,75,39
64,2,2,Dhruv Jurel,Vaibhav Sooryavanshi,105,45
64,2,3,Dhruv Jurel,Lhuan-dre Pretorius,16,14
64,2,4,Donovan Ferreira,Dhruv Jurel,29,17
65,1,1,Ryan Rickelton,Rohit Sharma,17,15
65,1,2,Naman Dhir,Rohit Sharma,0,3
65,1,3,Rohit Sharma,Suryakumar Yadav,6,5
65,1,4,Suryakumar Yadav,Tilak Varma,18,10
65,1,5,Hardik Pandya,Tilak Varma,43,49
65,1,6,Hardik Pandya,Will Jacks,11,10
65,1,7,Corbin Bosch,Will Jacks,10,8
65,1,8,Corbin Bosch,Deepak Chahar,42,20
65,2,1,Ajinkya Rahane,Finn Allen,10,6
65,2,2,Ajinkya Rahane,Manish Pandey,38,28
65,2,3,Cameron Green,Manish Pandey,6,9
65,2,4,Manish Pandey,Rovman Powell,64,47
65,2,5,Rovman Powell,Rinku Singh,6,2
65,2,6,Rinku Singh,T Dahiya,16,15
65,2,7,Anukul Roy,Rinku Singh,8,6
66,1,1,Sai Sudharsan,Shubman Gill,125,74
66,1,2,Sai Sudharsan,Jos Buttler,82,36
66,1,3,Jos Buttler,Rahul Tewatia,0,1
66,1,4,Jos Buttler,Washington Sundar,22,9
66,2,1,Matthew Short,Sanju Samson,0,1
66,2,2,Matthew Short,Ruturaj Gaikwad,29,13
66,2,3,Matthew Short,Urvil Patel,0,2
66,2,4,Kartik Sharma,Matthew Short,22,15
66,2,5,Dewald Brevis,Kartik Sharma,12,11
66,2,6,Dewald Brevis,Shivam Dube,53,21
66,2,7,Anshul Kamboj,Dewald Brevis,20,10
66,2,8,Dewald Brevis,Noor Ahmad,2,3
66,2,9,Mukesh Choudhary,Noor Ahmad,2,5
66,2,10,Mukesh Choudhary,Spencer Johnson,0,1
67,1,1,Abhishek Sharma,Travis Head,45,24
67,1,2,Abhishek Sharma,Ishan Kishan,52,26
67,1,3,Heinrich Klaasen,Ishan Kishan,113,48
67,1,4,Ishan Kishan,Nitish Kumar Reddy,45,22
67,2,1,Virat Kohli,Venkatesh Iyer,60,27
67,2,2,Devdutt Padikkal,Virat Kohli,14,8
67,2,3,Devdutt Padikkal,Rajat Patidar,20,18
67,2,4,Krunal Pandya,Rajat Patidar,84,57
67,2,5,Krunal Pandya,Tim David,22,10
68,1,1,Arshin Kulkarni,Josh Inglis,16,7
68,1,2,Josh Inglis,Nicholas Pooran,4,10
68,1,3,Ayush Badoni,Josh Inglis,49,23
68,1,4,Josh Inglis,Rishabh Pant,65,43
68,1,5,Abdul Samad,Josh Inglis,35,19
68,1,6,Abdul Samad,Mukul Choudhary,3,5
68,1,7,Abdul Samad,Arjun Tendulkar,24,13
68,2,1,Prabhsimran Singh,Priyansh Arya,0,1
68,2,2,Cooper Connolly,Prabhsimran Singh,22,13
68,2,3,Prabhsimran Singh,Shreyas Iyer,140,76
68,2,4,Shreyas Iyer,Suryansh Shedge,38,18
69,1,1,Vaibhav Sooryavanshi,Yashasvi Jaiswal,33,22
69,1,2,Dhruv Jurel,Vaibhav Sooryavanshi,0,3
69,1,3,Dhruv Jurel,Riyan Parag,21,11
69,1,4,Dhruv Jurel,Dasun Shanaka,45,27
69,1,5,Donovan Ferreira,Dhruv Jurel,20,14
69,1,6,Donovan Ferreira,Jofra Archer,20,16
69,1,7,Jofra Archer,Shubham Dubey,35,13
69,1,8,Jofra Archer,Ravindra Jadeja,1,2
69,1,9,Nandre Burger,Ravindra Jadeja,30,12
69,2,1,Ryan Rickelton,Rohit Sharma,0,4
69,2,2,Naman Dhir,Ryan Rickelton,18,11
69,2,3,Ryan Rickelton,Suryakumar Yadav,6,5
69,2,4,Suryakumar Yadav,Tilak Varma,14,11
69,2,5,Suryakumar Yadav,Will Jacks,63,38
69,2,6,Hardik Pandya,Suryakumar Yadav,48,25
69,2,7,Corbin Bosch,Suryakumar Yadav,3,5
69,2,8,Suryakumar Yadav,Shardul Thakur,6,6
69,2,9,Deepak Chahar,Shardul Thakur,9,6
69,2,10,AM Ghazanfar,Shardul Thakur,8,9
70,1,1,Abishek Porel,KL Rahul,40,27
70,1,2,KL Rahul,SU Parakh,47,30
70,1,3,Axar Patel,KL Rahul,38,19
70,1,4,Axar Patel,David Miller,41,25
70,1,5,Ashutosh Sharma,David Miller,35,17
70,1,6,Ashutosh Sharma,Tristan Stubbs,2,2
70,2,1,Ajinkya Rahane,Finn Allen,43,26
70,2,2,Ajinkya Rahane,Manish Pandey,44,25
70,2,3,Ajinkya Rahane,Cameron Green,9,7
70,2,4,Ajinkya Rahane,Rovman Powell,32,22
70,2,5,Rovman Powell,Rinku Singh,0,1
70,2,6,Rovman Powell,T Dahiya,1,4
70,2,7,Anukul Roy,Rovman Powell,25,18
70,2,8,Anukul Roy,Kartik Tyagi,0,1
70,2,9,Varun Chakravarthy,Kartik Tyagi,1,2
70,2,10,Varun Chakravarthy,SR Dubey,8,6
71,1,1,Virat Kohli,Venkatesh Iyer,21,12
71,1,2,Devdutt Padikkal,Virat Kohli,72,38
71,1,3,Devdutt Padikkal,Rajat Patidar,1,2
71,1,4,Krunal Pandya,Rajat Patidar,95,45
71,1,5,Rajat Patidar,Tim David,25,11
71,1,6,Jitesh Sharma,Rajat Patidar,40,12
71,2,1,Sai Sudharsan,Shubman Gill,17,15
71,2,2,Jos Buttler,Shubman Gill,10,4
71,2,3,Jos Buttler,Nishant Sindhu,24,10
71,2,4,Nishant Sindhu,Washington Sundar,0,2
71,2,5,Jason Holder,Washington Sundar,0,3
71,2,6,Rahul Tewatia,Washington Sundar,14,16
71,2,7,Rahul Tewatia,Rashid Khan,13,13
71,2,8,Kagiso Rabada,Rahul Tewatia,10,5
71,2,9,Mohammed Siraj,Rahul Tewatia,68,41
71,2,10,Prasidh Krishna,Mohammed Siraj,6,8
72,1,1,Vaibhav Sooryavanshi,Yashasvi Jaiswal,125,48
72,1,2,Dhruv Jurel,Yashasvi Jaiswal,12,14
72,1,3,Dhruv Jurel,Riyan Parag,55,21
72,1,4,Donovan Ferreira,Riyan Parag,15,9
72,1,5,Donovan Ferreira,Dasun Shanaka,7,5
72,1,6,Donovan Ferreira,Ravindra Jadeja,20,12
72,1,7,Jofra Archer,Ravindra Jadeja,4,5
72,1,8,Nandre Burger,Ravindra Jadeja,2,2
72,1,9,Ravindra Jadeja,SS Mishra,3,4
72,2,1,Abhishek Sharma,Travis Head,0,2
72,2,2,Ishan Kishan,Travis Head,51,15
72,2,3,R Smaran,Travis Head,1,4
72,2,4,Heinrich Klaasen,Travis Head,5,7
72,2,5,Heinrich Klaasen,Nitish Kumar Reddy,24,13
72,2,6,Nitish Kumar Reddy,Salil Arora,56,24
72,2,7,Pat Cummins,Salil Arora,2,2
72,2,8,Salil Arora,Shivang Kumar,24,21
72,2,9,Eshan Malinga,Shivang Kumar,24,17
72,2,10,Sakib Hussain,Shivang Kumar,9,11
73,1,1,Vaibhav Sooryavanshi,Yashasvi Jaiswal,2,4
73,1,2,Dhruv Jurel,Vaibhav Sooryavanshi,7,7
73,1,3,Riyan Parag,Vaibhav Sooryavanshi,92,46
73,1,4,Dasun Shanaka,Vaibhav Sooryavanshi,8,12
73,1,5,Jofra Archer,Vaibhav Sooryavanshi,9,7
73,1,6,Ravindra Jadeja,Vaibhav Sooryavanshi,54,28
73,1,7,Donovan Ferreira,Ravindra Jadeja,42,16
73,2,1,Sai Sudharsan,Shubman Gill,167,77
73,2,2,Jos Buttler,Shubman Gill,15,13
73,2,3,Jos Buttler,Washington Sundar,19,13
73,2,4,Jos Buttler,Rahul Tewatia,18,9
74,1,1,Sai Sudharsan,Shubman Gill,22,14
74,1,2,Sai Sudharsan,Nishant Sindhu,4,8
74,1,3,Jos Buttler,Nishant Sindhu,29,26
74,1,4,Jos Buttler,Washington Sundar,18,25
74,1,5,Arshad Khan,Washington Sundar,26,12
74,1,6,Rahul Tewatia,Washington Sundar,16,12
74,1,7,Jason Holder,Washington Sundar,27,14
74,1,8,Rashid Khan,Washington Sundar,9,5
74,1,9,Kagiso Rabada,Washington Sundar,4,4
74,2,1,Virat Kohli,Venkatesh Iyer,62,27
74,2,2,Devdutt Padikkal,Virat Kohli,1,4
74,2,3,Rajat Patidar,Virat Kohli,26,19
74,2,4,Krunal Pandya,Virat Kohli,2,3
74,2,5,Tim David,Virat Kohli,41,31
74,2,6,Jitesh Sharma,Virat Kohli,29,24
